sequence,frame,matches,ground_truth_distance,estimated_distance,localization_error
P000,0,1960,0.3463686176892759,0.98,0.633631382310724
P000,1,2237,0.250898102875371,1.0,0.749101897124629
P000,2,2212,0.26948106185668314,1.0,0.7305189381433168
P000,3,2467,0.17062530635797898,1.0,0.829374693642021
P000,4,2873,0.07981155024076256,1.0,0.9201884497592374
P000,5,2632,0.1266633168596678,1.0,0.8733366831403322
P000,6,2603,0.13262071948574244,1.0,0.8673792805142575
P000,7,2441,0.18099087367176603,1.0,0.819009126328234
P000,8,2511,0.15309716004443205,1.0,0.8469028399555679
P000,9,2194,0.23701206657060858,1.0,0.7629879334293914
P000,10,2224,0.14544707508934612,1.0,0.8545529249106538
P000,11,2204,0.11938334680901543,1.0,0.8806166531909846
P000,12,1948,0.17797596441509037,0.974,0.7960240355849096
P000,13,2109,0.09216821985716547,1.0,0.9078317801428345
P000,14,1935,0.12057754959315771,0.9675,0.8469224504068423
P000,15,1827,0.12506711934097667,0.9135,0.7884328806590233
P000,16,1302,0.20958988851035237,0.651,0.44141011148964765
P000,17,496,0.2753222441807277,0.248,0.027322244180727706
P000,18,493,0.23214361369174752,0.2465,0.014356386308252478
P000,19,693,0.16186332533701436,0.3465,0.1846366746629856
P000,20,685,0.15783552716865087,0.3425,0.18466447283134915
P000,21,743,0.1285169848884573,0.3715,0.2429830151115427
P000,22,647,0.18603327128885996,0.3235,0.13746672871114005
P000,23,487,0.2403974166385297,0.2435,0.0031025833614702902
P000,24,655,0.1480707382592236,0.3275,0.17942926174077642
P000,25,615,0.22665484249687,0.3075,0.08084515750312998
P000,26,788,0.23602592109243192,0.394,0.1579740789075681
P000,27,953,0.32647777973979153,0.4765,0.15002222026020845
P000,28,473,0.26352879606805213,0.2365,0.02702879606805214
P000,29,138,0.2580454177317609,0.069,0.18904541773176087
P000,30,110,0.16903172595975988,0.055,0.11403172595975988
P000,31,86,0.11022419946782336,0.05,0.060224199467823356
P000,32,71,0.07991497003001424,0.05,0.02991497003001424
P000,33,80,0.012897557671709598,0.05,0.03710244232829041
P000,34,65,0.0770042853203177,0.05,0.027004285320317692
P000,35,62,0.027276645969666363,0.05,0.02272335403033364
P000,36,24,0.10997911211502898,0.05,0.059979112115028974
P000,37,6,0.12709492553880924,0.05,0.07709492553880924
P000,38,7,0.044397346347971406,0.05,0.005602653652028597
P000,39,7,0.016183122289939338,0.05,0.033816877710060665
P000,40,7,0.023168748797239836,0.05,0.026831251202760167
P000,41,10,0.008836329601081008,0.05,0.041163670398918994
P000,42,10,0.03507171111002003,0.05,0.01492828888997997
P000,43,17,0.10644227269911449,0.05,0.05644227269911449
P000,44,25,0.08677204261663543,0.05,0.03677204261663543
P000,45,42,0.12829080099782628,0.05,0.07829080099782627
P000,46,97,0.040721623298337256,0.05,0.009278376701662747
P000,47,69,0.050673412580293606,0.05,0.0006734125802936031
P000,48,65,0.05484254738042595,0.05,0.00484254738042595
P000,49,73,0.1257216775817364,0.05,0.07572167758173641
P000,50,88,0.046088020683698244,0.05,0.0039119793163017585
P000,51,85,0.06543444604556856,0.05,0.015434446045568553
P000,52,92,0.11718441243739239,0.05,0.06718441243739239
P000,53,149,0.0930015840178363,0.0745,0.018501584017836303
P000,54,184,0.06827673400306779,0.092,0.02372326599693221
P000,55,181,0.025866117667191997,0.0905,0.06463388233280801
P000,56,209,0.08684916503456822,0.1045,0.01765083496543178
P000,57,298,0.026778794486832472,0.149,0.12222120551316752
P000,58,236,0.048311605677456404,0.118,0.06968839432254359
P000,59,310,0.013685224466228501,0.155,0.1413147755337715
P000,60,306,0.06327267275858547,0.153,0.08972732724141452
P000,61,550,0.033281664313659635,0.275,0.24171833568634038
P000,62,558,0.07548807607166998,0.279,0.20351192392833006
P000,63,706,0.14355201739024517,0.353,0.2094479826097548
P000,64,1165,0.06497782279964744,0.5825,0.5175221772003525
P000,65,1232,0.09897508531394665,0.616,0.5170249146860534
P000,66,1920,0.004711947774021275,0.96,0.9552880522259787
P000,67,1511,0.04966250512121115,0.7555,0.7058374948787888
P000,68,1435,0.06608934606226667,0.7175,0.6514106539377333
P000,69,1572,0.03806921291063307,0.786,0.747930787089367
P000,70,1550,0.030307262756092284,0.775,0.7446927372439077
P000,71,1027,0.11091239303782492,0.5135,0.40258760696217505
P000,72,857,0.13687068011309647,0.4285,0.29162931988690355
P000,73,754,0.09468671820762534,0.377,0.2823132817923747
P000,74,854,0.041485457032006734,0.427,0.38551454296799326
P000,75,593,0.07767047785610087,0.2965,0.2188295221438991
P000,76,440,0.13747532182205863,0.22,0.08252467817794137
P000,77,545,0.0965209497066664,0.2725,0.1759790502933336
P000,78,700,0.023106943913522852,0.35,0.3268930560864771
P000,79,720,0.03172368803907478,0.36,0.3282763119609252
P000,80,609,0.10750320522036336,0.3045,0.19699679477963664
P000,81,707,0.04724088483573665,0.3535,0.30625911516426335
P000,82,816,0.018847837859096286,0.408,0.3891521621409037
P000,83,788,0.03368254772382526,0.394,0.36031745227617473
P000,84,916,0.017598060759247316,0.458,0.4404019392407527
P000,85,739,0.06859053106389355,0.3695,0.30090946893610643
P000,86,828,0.027695306460323265,0.414,0.3863046935396767
P000,87,725,0.053147934357895395,0.3625,0.3093520656421046
P000,88,574,0.11549659376765725,0.287,0.17150340623234273
P000,89,513,0.16119029602356552,0.2565,0.09530970397643448
P000,90,584,0.07875900779202855,0.292,0.21324099220797144
P000,91,362,0.1265541280942917,0.181,0.05444587190570829
P000,92,325,0.04054617043974962,0.1625,0.12195382956025039
P000,93,265,0.076740806604416,0.1325,0.05575919339558401
P000,94,495,0.05482492869521727,0.2475,0.19267507130478273
P000,95,949,0.06871036245936976,0.4745,0.40578963754063024
P000,96,1517,0.12146436593718858,0.7585,0.6370356340628114
P000,97,2206,0.02279317283552373,1.0,0.9772068271644763
P000,98,2068,0.07436911800380122,1.0,0.9256308819961988
P000,99,2050,0.09635455515281931,1.0,0.9036454448471807
P000,100,2530,0.025091131417532657,1.0,0.9749088685824674
P000,101,2446,0.028105940608480495,1.0,0.9718940593915195
P000,102,2173,0.08537171253734643,1.0,0.9146282874626536
P000,103,2077,0.14073885540985603,1.0,0.8592611445901439
P000,104,2159,0.150776017501789,1.0,0.849223982498211
P000,105,2374,0.1258522145512531,1.0,0.8741477854487469
P000,106,2410,0.16920297025471154,1.0,0.8307970297452885
P000,107,2373,0.21286169812373468,1.0,0.7871383018762653
P000,108,2311,0.26350501538934895,1.0,0.736494984610651
P000,109,2264,0.27092442323039584,1.0,0.7290755767696042
P000,110,2207,0.23133300385183478,1.0,0.7686669961481652
P000,111,2308,0.17899031200454538,1.0,0.8210096879954546
P000,112,2236,0.18791975258224936,1.0,0.8120802474177506
P000,113,2240,0.17471636844537322,1.0,0.8252836315546268
P000,114,2572,0.08777091860470752,1.0,0.9122290813952925
P001,0,608,0.14771706983756988,0.304,0.1562829301624301
P001,1,848,0.07318231224779378,0.424,0.35081768775220623
P001,2,1065,0.0030727804361583362,0.5325,0.5294272195638416
P001,3,985,0.03387175487365022,0.4925,0.45862824512634975
P001,4,736,0.09981293460937431,0.368,0.2681870653906257
P001,5,787,0.02519745889088508,0.3935,0.3683025411091149
P001,6,851,0.0014570060414598887,0.4255,0.4240429939585401
P001,7,789,0.06197236006426978,0.3945,0.33252763993573026
P001,8,713,0.15237338859224553,0.3565,0.20412661140775445
P001,9,859,0.20054589461295264,0.4295,0.22895410538704736
P001,10,916,0.2607533966291355,0.458,0.19724660337086453
P001,11,1075,0.21606197993305712,0.5375,0.3214380200669429
P001,12,872,0.1986708559513488,0.436,0.23732914404865119
P001,13,543,0.11444654854903194,0.2715,0.15705345145096808
P001,14,364,0.10566139935541452,0.182,0.07633860064458547
P001,15,179,0.19930366398353408,0.0895,0.10980366398353408
P001,16,44,0.18891025455481297,0.05,0.13891025455481298
P001,17,7,0.22876129427860795,0.05,0.17876129427860793
P001,18,1,0.14542808453411069,0.05,0.09542808453411068
P001,19,1,0.12246666392504983,0.05,0.07246666392504983
P001,20,2,0.1306356547931979,0.05,0.08063565479319788
P001,21,1,0.15911074550042367,0.05,0.10911074550042367
P001,22,1,0.08277918837239877,0.05,0.032779188372398765
P001,23,1,0.03427569603400838,0.05,0.015724303965991622
P001,24,1,0.1262707424988319,0.05,0.07627074249883191
P001,25,1,0.05037109610614812,0.05,0.0003710961061481194
P001,26,2,0.12456530974506776,0.05,0.07456530974506775
P001,27,2,0.03681929324058846,0.05,0.013180706759411541
P001,28,0,0.009346650648189396,0.05,0.04065334935181061
P001,29,0,0.08833935269100449,0.05,0.03833935269100448
P001,30,1,0.1623768467430628,0.05,0.1123768467430628
P001,31,0,0.12861148827934824,0.05,0.07861148827934823
P001,32,0,0.07213973227379332,0.05,0.022139732273793317
P001,33,3,0.00914880199582805,0.05,0.04085119800417195
P001,34,4,0.03290260767154794,0.05,0.01709739232845206
P001,35,6,0.04365419948469374,0.05,0.006345800515306262
P001,36,12,0.0995086904728929,0.05,0.0495086904728929
P001,37,29,0.08195907370083155,0.05,0.03195907370083155
P001,38,34,0.09302249214798676,0.05,0.04302249214798676
P001,39,30,0.1069019982873947,0.05,0.0569019982873947
P001,40,66,0.13107893090485714,0.05,0.08107893090485714
P001,41,196,0.17232191007978384,0.098,0.07432191007978384
P001,42,884,0.10225779380399706,0.442,0.3397422061960029
P001,43,871,0.17552486345204305,0.4355,0.25997513654795695
P001,44,671,0.16888327165417075,0.3355,0.16661672834582927
P001,45,300,0.18012159211834564,0.15,0.03012159211834564
P001,46,378,0.23290523844712543,0.189,0.04390523844712543
P001,47,1171,0.21282194986843458,0.5855,0.3726780501315654
P001,48,1573,0.21546252138954772,0.7865,0.5710374786104523
P001,49,1813,0.15926834381832272,0.9065,0.7472316561816772
P001,50,2108,0.07827690827954012,1.0,0.9217230917204599
P001,51,1965,0.1202916380286542,0.9825,0.8622083619713459
P001,52,1824,0.1639300040824277,0.912,0.7480699959175723
P001,53,2047,0.0844955458333579,1.0,0.9155044541666421
P001,54,2466,0.014161846641206633,1.0,0.9858381533587933
P001,55,2103,0.06968108577652479,1.0,0.9303189142234752
P001,56,2141,0.058430168260122796,1.0,0.9415698317398772
P001,57,2301,0.028233871289677567,1.0,0.9717661287103224
P001,58,1829,0.07691157911915886,0.9145,0.8375884208808411
P001,59,2056,0.04190586334873379,1.0,0.9580941366512662
P001,60,1967,0.1166694869184024,0.9835,0.8668305130815976
P001,61,1827,0.1428420796076937,0.9135,0.7706579203923063
P001,62,1910,0.1245221757271389,0.955,0.8304778242728611
P001,63,1909,0.13307065618385813,0.9545,0.8214293438161419
P001,64,2274,0.057196241585161324,1.0,0.9428037584148387
P001,65,2362,0.04943005824826014,1.0,0.9505699417517398
P001,66,2082,0.11324485093640602,1.0,0.886755149063594
P001,67,2104,0.11183164953034691,1.0,0.8881683504696531
P001,68,2464,0.045253223934244094,1.0,0.9547467760657559
P001,69,2161,0.0813342935228029,1.0,0.9186657064771971
P001,70,1781,0.17490905780329014,0.8905,0.7155909421967098
P001,71,1811,0.12971272522799268,0.9055,0.7757872747720073
P001,72,1939,0.10735759409882045,0.9695,0.8621424059011795
P001,73,2253,0.06751775123894417,1.0,0.9324822487610558
P001,74,2373,0.025764770382631873,1.0,0.9742352296173681
P001,75,2326,0.029770020591933597,1.0,0.9702299794080664
P001,76,2214,0.04140807711452799,1.0,0.958591922885472
P001,77,2319,0.03738576435439811,1.0,0.9626142356456019
P001,78,2324,0.032626834326182144,1.0,0.9673731656738178
P001,79,2379,0.02987145326150726,1.0,0.9701285467384927
P001,80,1972,0.1073110026528523,0.986,0.8786889973471477
P001,81,1843,0.14221772522424317,0.9215,0.7792822747757568
P001,82,1749,0.22297698300575722,0.8745,0.6515230169942429
P001,83,1853,0.162769033815386,0.9265,0.763730966184614
P001,84,1988,0.131697595834988,0.994,0.862302404165012
P001,85,2034,0.11485329209114326,1.0,0.8851467079088567
P001,86,2516,0.03529058887639301,1.0,0.964709411123607
P001,87,2681,0.007206674072300828,1.0,0.9927933259276992
P001,88,2687,0.011180823187801418,1.0,0.9888191768121986
P001,89,2264,0.06846826747093465,1.0,0.9315317325290653
P001,90,2557,0.027391602717730338,1.0,0.9726083972822697
P001,91,2350,0.06140755774436152,1.0,0.9385924422556384
P001,92,1908,0.14391915961551108,0.954,0.8100808403844889
P001,93,1781,0.18713563065429936,0.8905,0.7033643693457006
P001,94,1536,0.24203179864636706,0.768,0.525968201353633
P001,95,1553,0.208235040780549,0.7765,0.568264959219451
P001,96,1461,0.26343342135920234,0.7305,0.4670665786407977
P001,97,1675,0.16884895574975609,0.8375,0.6686510442502439
P001,98,1208,0.23173262617310256,0.604,0.37226737382689745
P001,99,1114,0.14259320150914878,0.557,0.41440679849085127
P001,100,1310,0.06912413305345147,0.655,0.5858758669465486
P001,101,1108,0.14801450357380744,0.554,0.40598549642619264
P001,102,1264,0.05270246189933316,0.632,0.5792975381006669
P001,103,1049,0.13576315808813558,0.5245,0.3887368419118644
P001,104,870,0.21762475545455576,0.435,0.21737524454544424
P001,105,725,0.2738296828275715,0.3625,0.08867031717242851
P001,106,968,0.21575959294233632,0.484,0.26824040705766367
P001,107,1282,0.13763011099615569,0.641,0.5033698890038443
P001,108,1256,0.13020629687488675,0.628,0.4977937031251133
P001,109,1013,0.17315168509092083,0.5065,0.3333483149090791
P001,110,992,0.13933293656655554,0.496,0.35666706343344445
P001,111,1153,0.06254967867233505,0.5765,0.5139503213276649
P001,112,1371,0.009458720232812743,0.6855,0.6760412797671873
P001,113,1191,0.025431805013345136,0.5955,0.5700681949866548
P001,114,1009,0.05440902791278627,0.5045,0.45009097208721366
P001,115,713,0.12533590947557408,0.3565,0.2311640905244259
P001,116,678,0.16728061511376444,0.339,0.1717193848862356
P001,117,667,0.21866141205132214,0.3335,0.11483858794867788
P001,118,732,0.13659240456899172,0.366,0.22940759543100828
P002,0,1263,0.18303425633895729,0.6315,0.44846574366104264
P002,1,1431,0.1890811196437141,0.7155,0.5264188803562859
P002,2,1411,0.2309444818198576,0.7055,0.4745555181801424
P002,3,1217,0.31217015049568897,0.6085,0.29632984950431107
P002,4,1201,0.2931732651565133,0.6005,0.3073267348434867
P002,5,1454,0.2695869725925145,0.727,0.45741302740748546
P002,6,1524,0.3673355636278864,0.762,0.3946644363721136
P002,7,1510,0.2741926432116658,0.755,0.4808073567883342
P002,8,1657,0.19871672505602442,0.8285,0.6297832749439756
P002,9,1738,0.23603077023671598,0.869,0.6329692297632841
P002,10,1873,0.18870905018651823,0.9365,0.7477909498134818
P002,11,1859,0.24293629021018634,0.9295,0.6865637097898136
P002,12,2138,0.14954983611657358,1.0,0.8504501638834264
P002,13,2514,0.06663077066101614,1.0,0.9333692293389839
P002,14,2585,0.07560567177677434,1.0,0.9243943282232256
P002,15,2388,0.09474460647379081,1.0,0.9052553935262092
P002,16,2516,0.0467851710960138,1.0,0.9532148289039862
P002,17,2244,0.09947195948449769,1.0,0.9005280405155023
P002,18,2934,0.03589286977200715,1.0,0.9641071302279929
P002,19,2858,0.04482145181602292,1.0,0.9551785481839771
P002,20,3036,0.013362134281813818,1.0,0.9866378657181862
P002,21,2923,0.02403773429503847,1.0,0.9759622657049616
P002,22,2829,0.03143481714953726,1.0,0.9685651828504628
P002,23,2511,0.09290625654410412,1.0,0.9070937434558959
P002,24,2371,0.11967440720900863,1.0,0.8803255927909914
P002,25,2272,0.15755499529417435,1.0,0.8424450047058256
P002,26,1738,0.2515822587592603,0.869,0.6174177412407397
P002,27,1565,0.31605737519784455,0.7825,0.4664426248021554
P002,28,1652,0.26977635876200684,0.826,0.5562236412379931
P002,29,2075,0.20674773375728905,1.0,0.793252266242711
P002,30,2359,0.11652855571762169,1.0,0.8834714442823783
P002,31,2214,0.17920179748276668,1.0,0.8207982025172333
P002,32,2027,0.22558051087284006,1.0,0.77441948912716
P002,33,2007,0.21896734630358247,1.0,0.7810326536964175
P002,34,2262,0.20938568119695558,1.0,0.7906143188030444
P002,35,2508,0.11625213748725398,1.0,0.8837478625127461
P002,36,3001,0.038131741005597165,1.0,0.9618682589944029
P002,37,2469,0.12424452516998699,1.0,0.875755474830013
P002,38,2653,0.05941441333553545,1.0,0.9405855866644646
P002,39,2782,0.01701654136807526,1.0,0.9829834586319247
P002,40,2305,0.07869364011418546,1.0,0.9213063598858146
P002,41,2199,0.11403101150247903,1.0,0.8859689884975209
P002,42,2765,0.020355466490386852,1.0,0.9796445335096131
P002,43,2735,0.0398036208966111,1.0,0.960196379103389
P002,44,2212,0.11537655863663983,1.0,0.8846234413633601
P002,45,2038,0.17591298116793774,1.0,0.8240870188320623
P002,46,2150,0.14638429159193292,1.0,0.8536157084080671
P002,47,2156,0.13288795625528757,1.0,0.8671120437447124
P002,48,2308,0.08668528502521397,1.0,0.913314714974786
P002,49,1923,0.15817811522944147,0.9615,0.8033218847705585
P002,50,1955,0.13562141485511123,0.9775,0.8418785851448888
P002,51,1807,0.18816458714846032,0.9035,0.7153354128515397
P002,52,1710,0.15939007172883454,0.855,0.6956099282711654
P002,53,1795,0.12794268459394234,0.8975,0.7695573154060577
P002,54,2240,0.03890611591216569,1.0,0.9610938840878344
P002,55,2450,0.016538422982407288,1.0,0.9834615770175927
P002,56,2050,0.09614934944717624,1.0,0.9038506505528238
P002,57,2417,0.03672263565113032,1.0,0.9632773643488697
P002,58,1973,0.09817969018989248,0.9865,0.8883203098101076
P002,59,2571,0.016942176107834883,1.0,0.9830578238921651
P002,60,2251,0.041775789524273604,1.0,0.9582242104757264
P002,61,2142,0.029195465379741898,1.0,0.9708045346202581
P002,62,2146,0.047569003249019824,1.0,0.9524309967509802
P002,63,1920,0.11125435871120802,0.96,0.8487456412887919
P002,64,2466,0.025861025979853024,1.0,0.9741389740201469
P002,65,1792,0.11260474879946121,0.896,0.7833952512005388
P002,66,1786,0.09493374868011245,0.893,0.7980662513198875
P002,67,1918,0.066574940853946,0.959,0.892425059146054
P002,68,1571,0.15357659053025066,0.7855,0.6319234094697493
P002,69,1651,0.11611138605134971,0.8255,0.7093886139486503
P002,70,1717,0.11896115205404738,0.8585,0.7395388479459527
P002,71,1590,0.1886894264784603,0.795,0.6063105735215397
P002,72,1725,0.18069146055838395,0.8625,0.6818085394416161
P002,73,1941,0.13395847261894106,0.9705,0.836541527381059
P002,74,2102,0.13204755028909898,1.0,0.867952449710901
P002,75,2229,0.12882751432640646,1.0,0.8711724856735935
P002,76,1836,0.18535797034252802,0.918,0.732642029657472
P002,77,2177,0.12481112074916705,1.0,0.875188879250833
P002,78,2372,0.09734096380528519,1.0,0.9026590361947148
P002,79,2079,0.12883645626026524,1.0,0.8711635437397347
P002,80,2411,0.04429192315012907,1.0,0.9557080768498709
P002,81,2484,0.04247559211760852,1.0,0.9575244078823915
P002,82,2544,0.041101001642507996,1.0,0.958898998357492
P002,83,2049,0.12822227619801102,1.0,0.871777723801989
P002,84,1704,0.2208279263705694,0.852,0.6311720736294306
P002,85,1678,0.29057164248289863,0.839,0.5484283575171014
P002,86,1506,0.3177297006841373,0.753,0.4352702993158627
P002,87,1294,0.25224944598883264,0.647,0.3947505540111674
P002,88,1246,0.22159705621751263,0.623,0.40140294378248736
P002,89,1404,0.16798469573549332,0.702,0.5340153042645066
P002,90,1379,0.23377189086693997,0.6895,0.45572810913306006
P002,91,1328,0.15176079883490187,0.664,0.5122392011650981
P002,92,1359,0.14749147066839519,0.6795,0.5320085293316048
P002,93,1212,0.17107556687587946,0.606,0.43492443312412055
P002,94,985,0.1609228777341967,0.4925,0.33157712226580327
P002,95,613,0.1297651507390793,0.3065,0.1767348492609207
P002,96,584,0.04724582250639103,0.292,0.24475417749360895
P002,97,849,0.00047600794545573456,0.4245,0.4240239920545443
P002,98,253,0.06322350141203256,0.1265,0.06327649858796744
P002,99,243,0.01439543616131385,0.1215,0.10710456383868615
P002,100,82,0.030945883996339543,0.05,0.01905411600366046
P002,101,28,0.10532466831657138,0.05,0.055324668316571374
P002,102,13,0.06366019234469207,0.05,0.013660192344692068
P002,103,15,0.0018019961335982084,0.05,0.048198003866401794
P002,104,3,0.038136970282029246,0.05,0.011863029717970756
P002,105,0,0.09073163096451525,0.05,0.04073163096451525
P002,106,0,0.10747822777462578,0.05,0.05747822777462577
P002,107,0,0.03276898810621813,0.05,0.017231011893781872
P002,108,0,0.033847043377226445,0.05,0.016152956622773558
P002,109,0,0.016166709305429794,0.05,0.03383329069457021
P002,110,0,0.009966723783522534,0.05,0.04003327621647747
P002,111,0,0.06440571922584862,0.05,0.014405719225848615
P002,112,0,0.09875147206160707,0.05,0.04875147206160707
P002,113,1,0.1067462593586032,0.05,0.056746259358603196
P002,114,29,0.010347788872996911,0.05,0.039652211127003095
P002,115,34,0.07255911267956641,0.05,0.02255911267956641
P002,116,51,0.022740231499534455,0.05,0.027259768500465548
P002,117,47,0.10239568593078556,0.05,0.05239568593078556
P002,118,560,0.14544534124081632,0.28,0.1345546587591837
P002,119,1294,0.07825532468350496,0.647,0.5687446753164951
P002,120,1596,0.07010874977070404,0.798,0.727891250229296
P002,121,1926,0.031154049456915,0.963,0.9318459505430849
P002,122,1358,0.12983143882568762,0.679,0.5491685611743125
P002,123,1626,0.06928313927924805,0.813,0.7437168607207519
P002,124,2052,0.0163375463474932,1.0,0.9836624536525068
P002,125,2001,0.019621987039641214,1.0,0.9803780129603588
P002,126,1701,0.058529430025119435,0.8505,0.7919705699748806
P002,127,1635,0.08547385327994202,0.8175,0.732026146720058
P002,128,1372,0.16190209162028205,0.686,0.524097908379718
P002,129,1223,0.25148319005250763,0.6115,0.3600168099474924
P002,130,1069,0.26897777790274585,0.5345,0.2655222220972541
P002,131,894,0.34447982111765496,0.447,0.10252017888234505
P002,132,853,0.286341691758821,0.4265,0.14015830824117897
P003,0,2489,0.019618270651751816,1.0,0.9803817293482482
P003,1,2210,0.07952346134791467,1.0,0.9204765386520853
P003,2,2100,0.07918384009851605,1.0,0.9208161599014839
P003,3,1716,0.08648717164514971,0.858,0.7715128283548502
P003,4,1911,0.01678991883774499,0.9555,0.9387100811622551
P003,5,2096,0.10578190873969096,1.0,0.894218091260309
P003,6,2286,0.054856137058350594,1.0,0.9451438629416494
P003,7,2143,0.031847726475338366,1.0,0.9681522735246616
P003,8,1894,0.09609202437295361,0.947,0.8509079756270463
P003,9,1694,0.18259734833281677,0.847,0.6644026516671833
P003,10,1701,0.18107968901754593,0.8505,0.6694203109824541
P003,11,1613,0.21489532733432187,0.8065,0.5916046726656781
P003,12,1570,0.23733618644546767,0.785,0.5476638135545324
P003,13,1509,0.2505394906707664,0.7545,0.5039605093292335
P003,14,1595,0.1815596970203586,0.7975,0.6159403029796414
P003,15,1727,0.10141268031449639,0.8635,0.7620873196855037
P003,16,1487,0.18910496068690866,0.7435,0.5543950393130914
P003,17,1565,0.16434517568121398,0.7825,0.618154824318786
P003,18,1686,0.2273638546959368,0.843,0.6156361453040632
P003,19,1806,0.14182795727357206,0.903,0.7611720427264279
P003,20,1546,0.20853679047110035,0.773,0.5644632095288997
P003,21,1617,0.17139441677713033,0.8085,0.6371055832228697
P003,22,1462,0.2539669788832747,0.731,0.4770330211167253
P003,23,1583,0.18153358397055125,0.7915,0.6099664160294487
P003,24,1713,0.16884652094174407,0.8565,0.687653479058256
P003,25,1754,0.13635142233703876,0.877,0.7406485776629612
P003,26,1756,0.14664927658317287,0.878,0.7313507234168272
P003,27,1724,0.15102543900258456,0.862,0.7109745609974154
P003,28,1527,0.23920408319332223,0.7635,0.5242959168066778
P003,29,1718,0.15651470254378186,0.859,0.7024852974562181
P003,30,1826,0.1005015935494811,0.913,0.812498406450519
P003,31,1672,0.1377714985850402,0.836,0.6982285014149597
P003,32,1598,0.1315297225369345,0.799,0.6674702774630655
P003,33,1449,0.1846030686041813,0.7245,0.5398969313958187
P003,34,1547,0.12912820672914033,0.7735,0.6443717932708597
P003,35,1986,0.07049975337645552,0.993,0.9225002466235445
P003,36,2357,0.02686157149562268,1.0,0.9731384285043774
P003,37,2454,0.020432080064408897,1.0,0.9795679199355911
P003,38,1597,0.11710356444183326,0.7985,0.6813964355581668
P003,39,1508,0.1295295948343251,0.754,0.6244704051656749
P003,40,1582,0.13322803324068763,0.791,0.6577719667593124
P003,41,1572,0.14719637901135432,0.786,0.6388036209886457
P003,42,1935,0.0743803959230955,0.9675,0.8931196040769045
P003,43,1608,0.14391362596347454,0.804,0.6600863740365255
P003,44,1813,0.11062562191912004,0.9065,0.7958743780808799
P003,45,2115,0.06778891707650053,1.0,0.9322110829234995
P003,46,2245,0.049316615040761895,1.0,0.9506833849592381
P003,47,2359,0.05947545407247473,1.0,0.9405245459275253
P003,48,2080,0.1551748754838638,1.0,0.8448251245161362
P003,49,2498,0.0879511846481049,1.0,0.9120488153518951
P003,50,2397,0.14034080714134087,1.0,0.8596591928586591
P003,51,2681,0.08357372955904503,1.0,0.9164262704409549
P003,52,2300,0.16903028500820078,1.0,0.8309697149917992
P003,53,2525,0.0909085263878091,1.0,0.9090914736121909
P003,54,2418,0.010990361164811323,1.0,0.9890096388351887
P003,55,2119,0.052785714312638274,1.0,0.9472142856873618
P003,56,1919,0.10261180924212486,0.9595,0.8568881907578751
P003,57,1771,0.18547110092791494,0.8855,0.700028899072085
P003,58,1715,0.18184513882341777,0.8575,0.6756548611765822
P003,59,1719,0.2017311676568373,0.8595,0.6577688323431627
P003,60,1683,0.2650350730452587,0.8415,0.5764649269547413
P003,61,1725,0.2659781729926974,0.8625,0.5965218270073027
P003,62,1828,0.17740407560916635,0.914,0.7365959243908337
P003,63,1992,0.09548285934563062,0.996,0.9005171406543694
P003,64,2170,0.06088651202347044,1.0,0.9391134879765296
P003,65,2486,0.0020453132354722597,1.0,0.9979546867645277
P003,66,2217,0.06714638436578682,1.0,0.9328536156342132
P003,67,1767,0.13510826461254263,0.8835,0.7483917353874573
P003,68,1411,0.19333391306765663,0.7055,0.5121660869323434
P003,69,1239,0.17823238211318937,0.6195,0.4412676178868107
P003,70,1147,0.11931732817113978,0.5735,0.45418267182886024
P003,71,931,0.12833442220676566,0.4655,0.33716557779323436
P003,72,661,0.2226009094143979,0.3305,0.10789909058560213
P003,73,492,0.25021584333742414,0.246,0.004215843337424141
P003,74,557,0.2603253980671292,0.2785,0.01817460193287085
P003,75,546,0.2681233869154289,0.273,0.004876613084571102
P003,76,878,0.3019553560024113,0.439,0.1370446439975887
P003,77,951,0.24058135098255132,0.4755,0.23491864901744866
P003,78,856,0.23511556216678622,0.428,0.19288443783321377
P003,79,689,0.16253894481178274,0.3445,0.18196105518821723
P003,80,367,0.159828014998423,0.1835,0.023671985001576995
P003,81,366,0.24400658703356679,0.183,0.06100658703356679
P003,82,918,0.18711217351304438,0.459,0.27188782648695564
P003,83,1125,0.0972288963477873,0.5625,0.4652711036522127
P003,84,928,0.13350849132834183,0.464,0.3304915086716582
P003,85,737,0.12369603049845425,0.3685,0.24480396950154576
P003,86,434,0.1554891144343722,0.217,0.06151088556562781
P003,87,261,0.1112194099031952,0.1305,0.0192805900968048
P003,88,137,0.08238416601313331,0.0685,0.013884166013133303
P003,89,100,0.07793401748703684,0.05,0.027934017487036833
P003,90,179,0.018518088488930308,0.0895,0.0709819115110697
P003,91,246,0.08408947811164212,0.123,0.03891052188835788
P003,92,407,0.09557940404695663,0.2035,0.10792059595304336
P003,93,667,0.07639014955698305,0.3335,0.257109850443017
P003,94,958,0.0065534333963722345,0.479,0.47244656660362777
P003,95,873,0.03225511399031923,0.4365,0.4042448860096808
P003,96,920,0.03355043222592699,0.46,0.42644956777407306
P003,97,877,0.08342964052927959,0.4385,0.3550703594707204
P003,98,798,0.16947030152793915,0.399,0.22952969847206087
P003,99,851,0.19998983974574494,0.4255,0.22551016025425505
P003,100,941,0.15057782089086244,0.4705,0.31992217910913756
P003,101,1121,0.08635116807278265,0.5605,0.47414883192721735
P003,102,1248,0.07207725457827995,0.624,0.55192274542172
P003,103,1102,0.15038556870106679,0.551,0.40061443129893326
P003,104,1202,0.08385016846846992,0.601,0.51714983153153
P003,105,986,0.1784310013107699,0.493,0.3145689986892301
P003,106,876,0.23116968224389145,0.438,0.20683031775610855
P003,107,864,0.15467714396607327,0.432,0.2773228560339267
P003,108,1354,0.07061551214570304,0.677,0.606384487854297
P003,109,1115,0.02108854239799718,0.5575,0.5364114576020028
P003,110,1753,0.0012609588100465463,0.8765,0.8752390411899534
P003,111,1023,0.04167383783920083,0.5115,0.46982616216079914
P003,112,1020,0.06354927715726723,0.51,0.4464507228427328
P003,113,1309,0.03322592497771247,0.6545,0.6212740750222875
P003,114,1129,0.13197228502452726,0.5645,0.4325277149754727
P003,115,1199,0.17954783571746297,0.5995,0.41995216428253707
P003,116,1468,0.08197873492697237,0.734,0.6520212650730276
P003,117,1722,0.01355015364593068,0.861,0.8474498463540693
P003,118,1459,0.08751013644379489,0.7295,0.6419898635562051
P003,119,1321,0.17263520104311894,0.6605,0.48786479895688106
P003,120,1415,0.1357947594008989,0.7075,0.5717052405991011
P003,121,1909,0.04609199610033236,0.9545,0.9084080038996677
P003,122,1764,0.06776193875112366,0.882,0.8142380612488763
P003,123,1427,0.15545775314910543,0.7135,0.5580422468508945
P003,124,1263,0.1400623113583357,0.6315,0.49143768864166426
P003,125,1208,0.13718571632198834,0.604,0.46681428367801164
P003,126,1070,0.18115007868171443,0.535,0.35384992131828563
P003,127,971,0.2603740991886563,0.4855,0.2251259008113437
P003,128,871,0.25090227522631686,0.4355,0.18459772477368314
P003,129,838,0.1631048006983276,0.419,0.25589519930167237
P003,130,988,0.13093860429189133,0.494,0.3630613957081087
P003,131,1494,0.04397019229839659,0.747,0.7030298077016034
P003,132,1532,0.009592889087130485,0.766,0.7564071109128695
P003,133,969,0.09283017820443887,0.4845,0.3916698217955611
P003,134,854,0.10262853532443797,0.427,0.324371464675562
P003,135,949,0.11970070977872445,0.4745,0.35479929022127554
P003,136,995,0.12028929777808577,0.4975,0.3772107022219142
P003,137,978,0.16714372956379475,0.489,0.32185627043620524
P003,138,1069,0.12952440545107638,0.5345,0.4049755945489236
P003,139,944,0.09129703333485766,0.472,0.3807029666651423
P003,140,655,0.10756922301309113,0.3275,0.21993077698690888
P003,141,284,0.19258470159849667,0.142,0.05058470159849668
P003,142,261,0.19472943731239387,0.1305,0.06422943731239386
P003,143,574,0.20826757155367212,0.287,0.07873242844632786
P003,144,889,0.20476610885956847,0.4445,0.23973389114043153
P003,145,1140,0.1939175419830634,0.57,0.3760824580169365
P003,146,1497,0.14654545934956997,0.7485,0.6019545406504301
P003,147,1595,0.1269282668264449,0.7975,0.6705717331735551
P003,148,2038,0.04288829744321013,1.0,0.9571117025567899
P003,149,1580,0.12777423521742726,0.79,0.6622257647825728
P003,150,1818,0.0651479326853372,0.909,0.8438520673146628
P004,0,2029,0.11625783997392673,1.0,0.8837421600260733
P004,1,2286,0.11180993993639876,1.0,0.8881900600636012
P004,2,2146,0.1673783398063483,1.0,0.8326216601936517
P004,3,1930,0.14079164875616054,0.965,0.8242083512438394
P004,4,1770,0.10517199810133439,0.885,0.7798280018986656
P004,5,1816,0.08761758100577832,0.908,0.8203824189942217
P004,6,1774,0.10207899341454363,0.887,0.7849210065854564
P004,7,1655,0.12400231293669742,0.8275,0.7034976870633026
P004,8,1624,0.11150815911628566,0.812,0.7004918408837144
P004,9,1363,0.19169194620538793,0.6815,0.48980805379461206
P004,10,1407,0.10526729155268194,0.7035,0.598232708447318
P004,11,1419,0.11398791685748712,0.7095,0.5955120831425129
P004,12,1342,0.1219787211607931,0.671,0.5490212788392069
P004,13,1602,0.03517779393739378,0.801,0.7658222060626063
P004,14,1824,0.04723946340518123,0.912,0.8647605365948188
P004,15,1886,0.11220385665614896,0.943,0.830796143343851
P004,16,1747,0.11153317089340693,0.8735,0.7619668291065931
P004,17,1488,0.20292102596337994,0.744,0.5410789740366201
P004,18,1387,0.20225979073859457,0.6935,0.49124020926140544
P004,19,1189,0.17728639250210032,0.5945,0.4172136074978997
P004,20,949,0.14466049256720526,0.4745,0.3298395074327947
P004,21,885,0.12733989575587476,0.4425,0.3151601042441252
P004,22,648,0.21263524572631262,0.324,0.11136475427368739
P004,23,855,0.1391532909881607,0.4275,0.2883467090118393
P004,24,919,0.08225289392692056,0.4595,0.37724710607307943
P004,25,922,0.17734214352820904,0.461,0.283657856471791
P004,26,655,0.26578641131302966,0.3275,0.061713588686970355
P004,27,314,0.29764242571928723,0.157,0.14064242571928723
P004,28,383,0.2907702170765661,0.1915,0.09927021707656608
P004,29,839,0.22597055831458715,0.4195,0.19352944168541283
P004,30,1310,0.1424554250352982,0.655,0.5125445749647018
P004,31,1452,0.19843642962686686,0.726,0.5275635703731332
P004,32,1454,0.15461761619911982,0.727,0.5723823838008801
P004,33,1160,0.17035525905451804,0.58,0.4096447409454819
P004,34,842,0.13182689603922013,0.421,0.2891731039607799
P004,35,859,0.04842411496809652,0.4295,0.3810758850319035
P004,36,423,0.07065877896459291,0.2115,0.14084122103540708
P004,37,377,0.12080830716966426,0.1885,0.06769169283033574
P004,38,479,0.07751152120807658,0.2395,0.1619884787919234
P004,39,607,0.0843379994241096,0.3035,0.2191620005758904
P004,40,1144,0.01330526430617176,0.572,0.5586947356938282
P004,41,1338,0.058075763398067255,0.669,0.6109242366019327
P004,42,785,0.12729356386775573,0.3925,0.26520643613224426
P004,43,466,0.14296365087069776,0.233,0.09003634912930225
P004,44,403,0.1455786183312647,0.2015,0.05592138166873531
P004,45,473,0.06230242536873968,0.2365,0.17419757463126032
P004,46,482,0.1090393938262663,0.241,0.13196060617373367
P004,47,619,0.08978593459317334,0.3095,0.21971406540682664
P004,48,770,0.14831466055364376,0.385,0.23668533944635625
P004,49,1124,0.13922842101849667,0.562,0.4227715789815034
P004,50,1405,0.07119545997701632,0.7025,0.6313045400229838
P004,51,1688,0.003850141747301145,0.844,0.8401498582526988
P004,52,1470,0.047928978247473594,0.735,0.6870710217525264
P004,53,1570,0.0451655551214349,0.785,0.7398344448785651
P004,54,1459,0.08049845316272553,0.7295,0.6490015468372745
P004,55,1547,0.12402535988732162,0.7735,0.6494746401126783
P004,56,1802,0.14863699555248364,0.901,0.7523630044475164
P004,57,2122,0.10430915924172521,1.0,0.8956908407582748
P004,58,2067,0.07000897686741105,1.0,0.929991023132589
P004,59,2339,0.022936223872475597,1.0,0.9770637761275244
P004,60,2379,0.035664152238825686,1.0,0.9643358477611743
P004,61,2419,0.026032372527260813,1.0,0.9739676274727392
P004,62,2332,0.08491701033394243,1.0,0.9150829896660576
P004,63,2144,0.11681389554849977,1.0,0.8831861044515003
P004,64,2218,0.09999786197065123,1.0,0.9000021380293488
P004,65,2137,0.14703618538115898,1.0,0.852963814618841
P004,66,1843,0.20390849132583416,0.9215,0.7175915086741658
P004,67,1978,0.12107988456425045,0.989,0.8679201154357495
P004,68,2227,0.15960643125891036,1.0,0.8403935687410896
P004,69,2055,0.23801915239995455,1.0,0.7619808476000455
P004,70,2007,0.21234514659332035,1.0,0.7876548534066796
P004,71,2210,0.12726409267580002,1.0,0.8727359073242
P004,72,2443,0.07494783878750066,1.0,0.9250521612124993
P004,73,2889,0.000696409804147146,1.0,0.9993035901958529
P004,74,2712,0.03583336521195418,1.0,0.9641666347880458
P004,75,2367,0.08411144685674513,1.0,0.9158885531432549
P004,76,2764,0.026790995961835762,1.0,0.9732090040381642
P004,77,2787,0.04181102443207224,1.0,0.9581889755679278
P004,78,2702,0.03353151588488896,1.0,0.966468484115111
P004,79,2119,0.10619889967537985,1.0,0.8938011003246201
P004,80,2479,0.0414240298026677,1.0,0.9585759701973323
P004,81,2728,0.0015041182108755924,1.0,0.9984958817891244
P004,82,2683,0.016216099618142087,1.0,0.9837839003818579
P004,83,2684,0.03725414762949732,1.0,0.9627458523705027
P004,84,2091,0.13322449505626052,1.0,0.8667755049437394
P004,85,1816,0.21233357475982298,0.908,0.6956664252401771
P004,86,1866,0.16784596084137177,0.933,0.7651540391586282
P004,87,1755,0.22908471842807665,0.8775,0.6484152815719233
P004,88,1733,0.20269401888941904,0.8665,0.663805981110581
P004,89,1668,0.25413027007181077,0.834,0.5798697299281892
P004,90,1524,0.3333217010746819,0.762,0.4286782989253181
P004,91,1658,0.26552021986741486,0.829,0.563479780132585
P004,92,1670,0.22801157019778506,0.835,0.6069884298022149
P004,93,1640,0.21745553049660937,0.82,0.6025444695033906
P004,94,1478,0.16884455852117727,0.739,0.5701554414788227
P004,95,1345,0.1461698171171485,0.6725,0.5263301828828515
P004,96,1280,0.12063632053746816,0.64,0.5193636794625318
P004,97,1082,0.18500725929145814,0.541,0.3559927407085419
P004,98,1003,0.132603396301764,0.5015,0.36889660369823596
P004,99,760,0.07816578105540702,0.38,0.301834218944593
P004,100,429,0.09658649813493893,0.2145,0.11791350186506107
P004,101,206,0.06356081405002252,0.103,0.03943918594997747
P004,102,97,0.10102153606113615,0.05,0.051021536061136144
P004,103,111,0.1240474406791742,0.0555,0.0685474406791742
P004,104,157,0.1379158071492139,0.0785,0.05941580714921389
P004,105,188,0.19611372137142305,0.094,0.10211372137142305
P004,106,249,0.16877698946385694,0.1245,0.04427698946385694
P004,107,318,0.15386508972385143,0.159,0.005134910276148569
P004,108,703,0.23322708989558524,0.3515,0.11827291010441474
P004,109,1018,0.2661573250374591,0.509,0.24284267496254092
P004,110,1001,0.30112439071564695,0.5005,0.199375609284353
P004,111,878,0.20996390573469303,0.439,0.22903609426530697
P004,112,534,0.21557103006600012,0.267,0.051428969933999896
P004,113,474,0.3081617969962854,0.237,0.07116179699628539
P004,114,1076,0.370974138225886,0.538,0.16702586177411405
P004,115,375,0.30036717829664045,0.1875,0.11286717829664045
P004,116,558,0.25423622624512,0.279,0.024763773754880036
P004,117,1255,0.197709837273909,0.6275,0.42979016272609094
P004,118,1604,0.1619736660038197,0.802,0.6400263339961804
P004,119,1944,0.11667776892152651,0.972,0.8553222310784735
P004,120,2152,0.08027679425803118,1.0,0.9197232057419689
P004,121,2273,0.04518707461315337,1.0,0.9548129253868466
P004,122,2223,0.04358467257366212,1.0,0.9564153274263378
P004,123,1881,0.13172760006929635,0.9405,0.8087723999307037
P004,124,1873,0.19073414900503938,0.9365,0.7457658509949606
P004,125,1816,0.20602698499426436,0.908,0.7019730150057357
P004,126,1853,0.12663105793293175,0.9265,0.7998689420670683
P004,127,1697,0.18480529949429644,0.8485,0.6636947005057036
P004,128,1983,0.11855105070081451,0.9915,0.8729489492991855
P004,129,2623,0.03452968537124489,1.0,0.9654703146287551
P004,130,2328,0.08134975006156302,1.0,0.918650249938437
P004,131,2255,0.13633721232341933,1.0,0.8636627876765807
P004,132,2368,0.15069784903583766,1.0,0.8493021509641623
P004,133,2171,0.16264886158384786,1.0,0.8373511384161522
P005,0,1514,0.2775318446677658,0.757,0.4794681553322342
P005,1,1654,0.2557609085950695,0.827,0.5712390914049305
P005,2,1821,0.320753913995974,0.9105,0.589746086004026
P005,3,2074,0.2207859368179325,1.0,0.7792140631820675
P005,4,2332,0.1434434892408772,1.0,0.8565565107591229
P005,5,2224,0.16879193256310357,1.0,0.8312080674368965
P005,6,2480,0.06951578077832343,1.0,0.9304842192216766
P005,7,2823,0.01124936212530413,1.0,0.9887506378746959
P005,8,2383,0.10915132456388539,1.0,0.8908486754361146
P005,9,2839,0.02910357961469126,1.0,0.9708964203853088
P005,10,2344,0.12702583867580333,1.0,0.8729741613241967
P005,11,2895,0.029170579430238878,1.0,0.9708294205697611
P005,12,2420,0.09579702311825417,1.0,0.9042029768817459
P005,13,2188,0.12005217425445606,1.0,0.879947825745544
P005,14,2696,0.03583498638815548,1.0,0.9641650136118445
P005,15,2237,0.0802698536133281,1.0,0.9197301463866719
P005,16,2691,0.016025283881523248,1.0,0.9839747161184768
P005,17,2653,0.0188020885047482,1.0,0.9811979114952518
P005,18,2679,0.010585861729256867,1.0,0.9894141382707431
P005,19,2209,0.09378604461081069,1.0,0.9062139553891893
P005,20,1956,0.11700180687483108,0.978,0.8609981931251689
P005,21,1917,0.113640632715114,0.9585,0.844859367284886
P005,22,2053,0.08201713067208923,1.0,0.9179828693279107
P005,23,1951,0.12185036940406997,0.9755,0.85364963059593
P005,24,2158,0.060096068837930006,1.0,0.93990393116207
P005,25,2256,0.03860555141001409,1.0,0.9613944485899859
P005,26,2026,0.08057210469260451,1.0,0.9194278953073955
P005,27,2227,0.03303788922963399,1.0,0.966962110770366
P005,28,2394,0.00809862265118957,1.0,0.9919013773488105
P005,29,2031,0.1009532867403852,1.0,0.8990467132596148
P005,30,2391,0.03952588503462764,1.0,0.9604741149653724
P005,31,2204,0.07711415115118916,1.0,0.9228858488488109
P005,32,2035,0.09966864771201246,1.0,0.9003313522879876
P005,33,2145,0.07204928797961865,1.0,0.9279507120203814
P005,34,2379,0.03378191756357456,1.0,0.9662180824364255
P005,35,2088,0.10041821618791558,1.0,0.8995817838120844
P005,36,2499,0.010015667817818345,1.0,0.9899843321821816
P005,37,2136,0.06537287676811089,1.0,0.9346271232318891
P005,38,1684,0.16249240302265963,0.842,0.6795075969773403
P005,39,1851,0.13079421535210506,0.9255,0.7947057846478949
P005,40,1688,0.1902365509413425,0.844,0.6537634490586575
P005,41,1626,0.2101001142175727,0.813,0.6028998857824273
P005,42,1851,0.15125720108852414,0.9255,0.7742427989114758
P005,43,1643,0.23464685047258327,0.8215,0.5868531495274167
P005,44,1772,0.17725345179810828,0.886,0.7087465482018918
P005,45,1681,0.264690666760046,0.8405,0.5758093332399541
P005,46,1512,0.36213858718373726,0.756,0.39386141281626275
P005,47,1552,0.3486646018128464,0.776,0.4273353981871536
P005,48,1534,0.2673815871713446,0.767,0.49961841282865543
P005,49,1675,0.20127272680879357,0.8375,0.6362272731912064
P005,50,1729,0.17208619205520412,0.8645,0.6924138079447959
P005,51,2156,0.09571927178932667,1.0,0.9042807282106733
P005,52,1950,0.16539094321121292,0.975,0.809609056788787
P005,53,2184,0.08793282502476589,1.0,0.9120671749752342
P005,54,2001,0.11753298554097563,1.0,0.8824670144590243
P005,55,2251,0.05381520362101864,1.0,0.9461847963789813
P005,56,2046,0.08460874207722008,1.0,0.9153912579227799
P005,57,2866,0.0036172044326179893,1.0,0.996382795567382
P005,58,2280,0.05968775462888482,1.0,0.9403122453711151
P005,59,1860,0.1359875617702837,0.93,0.7940124382297163
P005,60,1546,0.20604877048783676,0.773,0.5669512295121633
P005,61,1606,0.17633304206001954,0.803,0.6266669579399805
P005,62,1537,0.12508293556255334,0.7685,0.6434170644374466
P005,63,1445,0.10348570142929832,0.7225,0.6190142985707017
P005,64,1619,0.05535226862898548,0.8095,0.7541477313710145
P005,65,1825,0.03175690977491676,0.9125,0.8807430902250832
P005,66,1307,0.13054801852809628,0.6535,0.5229519814719037
P005,67,1371,0.1111346645835995,0.6855,0.5743653354164004
P005,68,1639,0.03956475658305148,0.8195,0.7799352434169485
P005,69,1342,0.10658493467920511,0.671,0.5644150653207949
P005,70,1142,0.16561086880363743,0.571,0.40538913119636255
P005,71,1084,0.12248971574615654,0.542,0.4195102842538435
P005,72,1321,0.05892031368464046,0.6605,0.6015796863153595
P005,73,1329,0.08687877793998289,0.6645,0.5776212220600171
P005,74,1309,0.07366767664287117,0.6545,0.5808323233571288
P005,75,1202,0.11447939136455923,0.601,0.4865206086354408
P005,76,1295,0.02860166800655638,0.6475,0.6188983319934436
P005,77,1234,0.043668683088395444,0.617,0.5733313169116045
P005,78,1058,0.12198374480210722,0.529,0.4070162551978928
P005,79,908,0.21140165638727662,0.454,0.2425983436127234
P005,80,814,0.1631771816647956,0.407,0.24382281833520436
P005,81,727,0.2043066166777106,0.3635,0.15919338332228938
P005,82,629,0.22440301445458855,0.3145,0.09009698554541146
P005,83,644,0.2025888956019767,0.322,0.1194111043980233
P005,84,680,0.10976062750858755,0.34,0.23023937249141246
P005,85,551,0.17740210532963221,0.2755,0.09809789467036781
P005,86,471,0.12504261044564569,0.2355,0.1104573895543543
P005,87,478,0.07253328859310813,0.239,0.16646671140689184
P005,88,607,0.017099144518496562,0.3035,0.2864008554815034
P005,89,564,0.03330178824281197,0.282,0.248698211757188
P005,90,488,0.07452424714626864,0.244,0.16947575285373134
P005,91,534,0.029768927995216948,0.267,0.23723107200478308
P005,92,433,0.1206081164689542,0.2165,0.0958918835310458
P005,93,416,0.12932172129834052,0.208,0.07867827870165947
P005,94,456,0.10308492486837534,0.228,0.12491507513162467
P005,95,461,0.1314984501575022,0.2305,0.09900154984249782
P005,96,545,0.09305805841058257,0.2725,0.17944194158941745
P005,97,532,0.16694654979389453,0.266,0.09905345020610548
P005,98,607,0.1482367489672493,0.3035,0.15526325103275068
P005,99,561,0.2241906973510422,0.2805,0.05630930264895784
P005,100,598,0.16575385363957254,0.299,0.13324614636042745
P005,101,676,0.13642875594233875,0.338,0.20157124405766128
P005,102,668,0.1796435263589398,0.334,0.15435647364106023
P005,103,662,0.19912061252397648,0.331,0.13187938747602354
P005,104,741,0.1901173864783429,0.3705,0.1803826135216571
P005,105,791,0.1775314502872448,0.3955,0.21796854971275523
P005,106,942,0.16871913890664195,0.471,0.30228086109335806
P005,107,1006,0.14805801267111376,0.503,0.35494198732888627
P005,108,942,0.15239870704001374,0.471,0.31860129295998624
P005,109,1126,0.20194679133275492,0.563,0.361053208667245
P005,110,1424,0.19250629390609578,0.712,0.5194937060939042
P005,111,1629,0.15735319772237008,0.8145,0.6571468022776299
P005,112,1838,0.1370028526435154,0.919,0.7819971473564846
P005,113,1693,0.16449003956031574,0.8465,0.6820099604396843
P005,114,1604,0.19252424356272668,0.802,0.6094757564372734
P005,115,1644,0.19247759236261328,0.822,0.6295224076373866
P005,116,1838,0.17295190441221706,0.919,0.746048095587783
P006,0,1123,0.44232921095974975,0.5615,0.11917078904025025
P006,1,1036,0.39223970871586217,0.518,0.12576029128413785
P006,2,723,0.3590277202166515,0.3615,0.0024722797833484633
P006,3,787,0.3226479863522618,0.3935,0.07085201364773824
P006,4,1168,0.28085233043647845,0.584,0.3031476695635215
P006,5,1111,0.24988711181387913,0.5555,0.30561288818612087
P006,6,719,0.29556359124989445,0.3595,0.06393640875010553
P006,7,497,0.30746474170635774,0.2485,0.05896474170635774
P006,8,568,0.39249909253966,0.284,0.10849909253966
P006,9,365,0.4412082011555696,0.1825,0.2587082011555696
P006,10,416,0.42794458329002205,0.208,0.21994458329002206
P006,11,834,0.4869397813149108,0.417,0.0699397813149108
P006,12,1097,0.4405531937019079,0.5485,0.10794680629809211
P006,13,1124,0.41384956188450034,0.562,0.14815043811549972
P006,14,1064,0.34431244949487955,0.532,0.18768755050512048
P006,15,848,0.3503140236673543,0.424,0.07368597633264568
P006,16,739,0.385828340926233,0.3695,0.01632834092623303
P006,17,764,0.323744467493305,0.382,0.05825553250669502
P006,18,921,0.27092676161818896,0.4605,0.18957323838181106
P006,19,1090,0.29792749162425314,0.545,0.2470725083757469
P006,20,1343,0.2540680603703967,0.6715,0.4174319396296033
P006,21,1300,0.30664428183135345,0.65,0.3433557181686466
P006,22,1381,0.22157821259406055,0.6905,0.4689217874059395
P006,23,1411,0.14465610648967453,0.7055,0.5608438935103255
P006,24,1691,0.049267870873318194,0.8455,0.7962321291266818
P006,25,1554,0.0879605152223308,0.777,0.6890394847776692
P006,26,1761,0.03442987133049048,0.8805,0.8460701286695095
P006,27,1604,0.05371361690678868,0.802,0.7482863830932114
P006,28,1448,0.0862130241851826,0.724,0.6377869758148174
P006,29,1774,0.03083567854653855,0.887,0.8561643214534614
P006,30,1496,0.06226617286634131,0.748,0.6857338271336587
P006,31,1355,0.07376260374850488,0.6775,0.6037373962514951
P006,32,997,0.1595212334955221,0.4985,0.3389787665044779
P006,33,1003,0.11323287120932206,0.5015,0.3882671287906779
P006,34,1009,0.15825608095587837,0.5045,0.34624391904412155
P006,35,1376,0.0866409021213221,0.688,0.6013590978786778
P006,36,1283,0.1423623793845186,0.6415,0.4991376206154814
P006,37,1358,0.16837204732799668,0.679,0.5106279526720033
P006,38,1408,0.13642928703706245,0.704,0.5675707129629375
P006,39,1411,0.1466853657660315,0.7055,0.5588146342339685
P006,40,1453,0.14829893665513677,0.7265,0.5782010633448633
P006,41,1869,0.05015167617871369,0.9345,0.8843483238212864
P006,42,2839,0.006508284712820584,1.0,0.9934917152871794
P006,43,1730,0.09441452951748887,0.865,0.7705854704825111
P006,44,1528,0.1564759549076147,0.764,0.6075240450923853
P006,45,1988,0.06152957133137244,0.994,0.9324704286686275
P006,46,2613,0.016920510714166583,1.0,0.9830794892858334
P006,47,2075,0.04560511475963257,1.0,0.9543948852403674
P006,48,1563,0.1440766157616898,0.7815,0.6374233842383101
P006,49,1464,0.16227990880149068,0.732,0.5697200911985093
P006,50,1493,0.13270939902060847,0.7465,0.6137906009793916
P006,51,1327,0.16175039131281188,0.6635,0.5017496086871881
P006,52,1237,0.15165818592256713,0.6185,0.4668418140774329
P006,53,1122,0.20946999096758712,0.561,0.35153000903241294
P006,54,1075,0.2559215206755226,0.5375,0.2815784793244774
P006,55,1343,0.1819227101390482,0.6715,0.4895772898609518
P006,56,1401,0.19614767138855216,0.7005,0.5043523286114479
P006,57,1671,0.13226164746807145,0.8355,0.7032383525319286
P006,58,1476,0.1970804661508215,0.738,0.5409195338491785
P006,59,1527,0.1309232514952386,0.7635,0.6325767485047613
P006,60,1641,0.0808520807762587,0.8205,0.7396479192237413
P006,61,1631,0.07543626177381658,0.8155,0.7400637382261834
P006,62,1969,0.03116484434669627,0.9845,0.9533351556533037
P006,63,1786,0.07308349407138716,0.893,0.8199165059286129
P006,64,1454,0.16857552197008976,0.727,0.5584244780299102
P006,65,1255,0.2531026163858803,0.6275,0.37439738361411967
P006,66,1086,0.20791308337380876,0.543,0.3350869166261913
P006,67,954,0.12246826361071668,0.477,0.3545317363892833
P006,68,803,0.11789679860481468,0.4015,0.28360320139518536
P006,69,603,0.09368900301788098,0.3015,0.20781099698211902
P006,70,300,0.1927875030682938,0.15,0.04278750306829379
P006,71,164,0.2703034118147475,0.082,0.18830341181474747
P006,72,112,0.3245213328021024,0.056,0.2685213328021024
P006,73,165,0.2531427627127172,0.0825,0.17064276271271717
P006,74,199,0.2945312058841157,0.0995,0.19503120588411568
P006,75,422,0.34311643881508846,0.211,0.13211643881508847
P006,76,953,0.41989173041659084,0.4765,0.05660826958340914
P006,77,810,0.33553025901474953,0.405,0.0694697409852505
P006,78,370,0.31324505734778313,0.185,0.12824505734778313
P006,79,282,0.3914163568137403,0.141,0.2504163568137403
P006,80,464,0.4052751275025992,0.232,0.17327512750259919
P006,81,397,0.49980753419068596,0.1985,0.30130753419068596
P006,82,455,0.442087384030218,0.2275,0.21458738403021801
P006,83,576,0.365730440308422,0.288,0.07773044030842202
P006,84,674,0.33083436302256974,0.337,0.006165636977430278
P006,85,961,0.31610729338685256,0.4805,0.16439270661314742
P006,86,1148,0.23542892236138482,0.574,0.33857107763861516
P006,87,1308,0.24164177752028462,0.654,0.41235822247971543
P006,88,1545,0.1738300411714519,0.7725,0.598669958828548
P006,89,1634,0.17028641121333835,0.817,0.6467135887866616
