brightness,contrast,blur,orb_features,edge_density,class_8_percent,class_27_percent,class_28_percent,class_59_percent,class_64_percent,class_70_percent,class_74_percent,class_87_percent,class_115_percent,class_119_percent,class_123_percent,class_125_percent,class_132_percent,class_143_percent,class_146_percent,class_157_percent,class_175_percent,class_180_percent,class_199_percent,class_205_percent,class_208_percent,class_214_percent,class_229_percent,class_239_percent,mean_depth,std_depth,min_depth,max_depth,depth_range,depth_entropy,valid_depth_ratio,frame,class_69_percent,class_160_percent,class_109_percent,class_49_percent,class_1_percent,class_161_percent,class_191_percent,class_195_percent,class_7_percent,class_244_percent
154.78223388671876,73.03053304693267,1316.2794891695914,4979,0.07848388671875,3.8349609375000004,2.357177734375,2.62890625,0.009521484375,0.09814453124999999,1.097412109375,1.07958984375,0.360107421875,42.422607421875,0.35595703125,0.8383789062500001,5.4365234375,1.84130859375,0.39794921875,0.169677734375,0.451171875,0.02197265625,11.133544921875,1.898193359375,4.539794921875,0.599365234375,4.142822265625,4.63623046875,9.648681640625,102.0934829711914,48.426109313964844,0.0,208.0,208.0,7.482609748840332,0.998447265625,0,0.0,0.0,0.0,0.0,0.0,0.0,0.0,0.0,0.0,0.0
156.10968505859375,68.31874930636229,1206.2154440543113,4952,0.0729345703125,2.4521484375,1.5556640625,3.357666015625,0.00830078125,0.086181640625,0.86328125,0.762939453125,0.674072265625,34.748291015625,0.25146484375,0.5966796875,4.760498046875,1.221435546875,0.333740234375,0.49267578125,0.34375,0.02294921875,19.909912109375,1.26953125,5.950927734375,0.427978515625,3.238037109375,2.9169921875,12.755126953125002,103.15219116210938,46.987674713134766,0.0,208.0,208.0,7.501641273498535,0.99882568359375,1,0.8488769531250001,0.15087890625,0.0,0.0,0.0,0.0,0.0,0.0,0.0,0.0
155.45177734375,66.7992077353288,1176.6851771358904,4966,0.07337890625,1.42431640625,1.1865234375,3.55322265625,0.0078125,0.274658203125,0.723388671875,0.6123046875,0.7973632812499999,31.13330078125,0.200927734375,0.498779296875,4.4033203125,0.604736328125,1.6557617187499998,0.546142578125,0.29052734375,0.021728515625,24.146240234375,0.97314453125,5.847412109375,0.357177734375,2.790771484375,1.97607421875,14.374999999999998,104.88862609863281,47.28243637084961,0.0,208.0,208.0,7.515071868896484,0.99910400390625,2,0.845703125,0.6044921875,0.149169921875,0.0,0.0,0.0,0.0,0.0,0.0,0.0
156.69214111328125,64.45369886680592,1077.7455910510957,4917,0.06830078125,0.880615234375,0.9055175781250001,3.794189453125,0.0078125,0.2109375,0.628662109375,0.49291992187500006,0.85986328125,29.903076171875,0.162841796875,0.40698242187500006,3.821533203125,0.34814453125,0.8574218749999999,0.39404296875,0.239990234375,0.02001953125,28.04150390625,0.735107421875,6.33251953125,0.29833984375,2.340576171875,1.464599609375,15.391113281249998,105.10665893554688,47.80547332763672,0.0,208.0,208.0,7.523324966430664,0.9983837890625,3,0.85791015625,0.41650390624999994,0.10229492187500001,0.0849609375,0.0,0.0,0.0,0.0,0.0,0.0
159.42211669921875,61.73910758887876,979.080430788845,4955,0.061279296875,0.675537109375,0.756591796875,4.036376953125,0.006835937500000001,0.179443359375,0.585205078125,0.433349609375,0.9526367187500001,32.190673828125,0.1376953125,0.358642578125,3.7114257812500004,0.166748046875,0.629638671875,0.51025390625,0.211181640625,0.02001953125,28.853759765624996,0.6142578125,4.199951171875,0.263916015625,2.0400390625,1.463134765625,14.7177734375,103.90879821777344,48.09751892089844,0.0,208.0,208.0,7.52444314956665,0.998583984375,4,0.775146484375,0.34375,0.08642578125,0.071044921875,1.008544921875,0.0,0.0,0.0,0.0,0.0
158.1457763671875,62.81711720617653,1111.9754690565526,4942,0.06470947265625,0.60595703125,0.68603515625,4.041015625,0.006835937500000001,0.17041015625,0.693603515625,0.408203125,2.158935546875,29.692138671875,0.1259765625,0.3271484375,6.029052734375,0.064697265625,0.55517578125,0.50390625,0.193115234375,0.019287109375,28.4970703125,0.545166015625,3.3862304687499996,0.24560546875,1.8876953124999998,2.151123046875,14.557861328125,103.0973892211914,48.321205139160156,0.0,208.0,208.0,7.539542198181152,0.99850341796875,5,0.7509765625,0.32763671875,0.083251953125,0.06787109375,1.218017578125,0.0,0.0,0.0,0.0,0.0
154.72147705078126,63.62236177353479,1235.0174560523033,4901,0.0728564453125,0.519287109375,0.609130859375,3.8623046874999996,0.00634765625,0.161865234375,1.68798828125,0.378173828125,3.3574218750000004,25.988037109375,0.111083984375,0.29296875,8.75,0.001220703125,0.47216796875,0.48974609374999994,0.176025390625,0.01708984375,29.08935546875,0.497314453125,2.5625,0.22265624999999997,1.70751953125,2.26123046875,14.296875,102.16548919677734,48.57737350463867,0.0,208.0,208.0,7.545722007751465,0.99843994140625,6,0.68798828125,0.301025390625,0.078857421875,0.06298828125,1.350830078125,0.0,0.0,0.0,0.0,0.0
152.9480810546875,63.655219138447265,1336.760033046627,4879,0.07710205078125,0.456787109375,0.55859375,3.487548828125,0.005615234375,0.145751953125,2.693603515625,0.358642578125,3.403564453125,23.1943359375,0.1025390625,0.267578125,10.6103515625,0.0,0.39086914062500006,0.429931640625,0.1611328125,0.016845703125,30.935302734374996,0.42919921874999994,2.019287109375,0.207275390625,1.6054687500000002,2.367431640625,13.92724609375,101.01011657714844,48.64218521118164,0.0,208.0,208.0,7.541385650634766,0.9983935546875,7,0.63134765625,0.280517578125,0.072509765625,0.05712890625,1.18359375,0.0,0.0,0.0,0.0,0.0
150.7084716796875,63.3131048797933,1385.7694345329705,4871,0.08313720703125,0.384033203125,0.50244140625,3.2207031249999996,0.006591796875,0.1298828125,3.6442871093750004,0.32470703125,3.3427734374999996,20.398193359375,0.09228515625,0.24902343749999997,12.274658203125,0.0,1.372314453125,0.46191406250000006,0.146728515625,0.043701171875,32.30224609375,0.384765625,1.542724609375,0.18505859375,1.47802734375,2.1103515625,13.178466796875,99.03019714355469,48.60183334350586,0.0,208.0,208.0,7.537458896636963,0.9975634765625,8,0.542724609375,0.24316406250000003,0.0634765625,0.04956054687499999,1.3251953125,0.0,0.0,0.0,0.0,0.0
150.88417236328124,62.62633754086847,1419.0309053174915,4875,0.0847802734375,0.329345703125,0.45556640625,3.501220703125,0.006591796875,0.115234375,4.22265625,0.29931640625,3.4365234375,22.3388671875,0.084716796875,0.23071289062499997,12.906494140625,0.0,1.369140625,0.45947265625,0.137939453125,0.05908203125,30.424560546875,0.34130859375,1.26513671875,0.164306640625,1.37353515625,1.740966796875,12.289794921875,98.15499877929688,48.46428298950195,0.0,208.0,208.0,7.536290645599365,0.998798828125,9,0.470458984375,0.21044921874999997,0.054931640625,0.04248046875,1.669189453125,0.0,0.0,0.0,0.0,0.0
157.7327587890625,63.73352175288764,1357.3334511755943,4868,0.08345703125,0.2548828125,1.097900390625,4.07861328125,0.006103515625,0.04833984375,4.984375,0.2626953125,3.756103515625,35.82275390625,0.072998046875,0.19677734375,12.6796875,0.0,0.721435546875,0.11474609375,0.121826171875,0.058349609375,24.901123046875,0.28125,0.9550781249999999,0.1328125,1.203857421875,1.043212890625,7.156494140625,97.63296508789062,49.24816131591797,0.0,208.0,208.0,7.550751686096191,0.99828369140625,10,0.048583984375,0.0,0.0,0.0,0.0,0.0,0.0,0.0,0.0,0.0
160.3139404296875,62.90077962274232,1323.0979649047315,4798,0.0807568359375,0.219970703125,1.6801757812499998,3.9204101562500004,0.004638671875,0.046630859375,5.3212890625,0.24536132812500003,4.33251953125,40.376708984375,0.065185546875,0.183349609375,11.955078125,0.0,0.513671875,0.0,0.1142578125,0.05908203125,23.258544921875,0.254150390625,0.8244628906250001,0.113037109375,1.109375,0.510498046875,4.8916015625,97.24435424804688,49.160926818847656,0.0,208.0,208.0,7.558916091918945,0.99844970703125,11,0.0,0.0,0.0,0.0,0.0,0.0,0.0,0.0,0.0,0.0
160.505859375,61.35599235363222,1242.653515723175,4740,0.0778125,0.20434570312499997,1.654052734375,3.822998046875,0.005126953125,0.045166015625,5.5283203125,0.233642578125,4.43115234375,42.20849609375,0.06201171875,0.18115234375,11.103515625,0.0,0.361083984375,0.0,0.113037109375,0.0576171875,23.755615234375,0.245849609375,0.748291015625,0.103759765625,1.05859375,0.223388671875,3.852783203125,96.62674713134766,48.87901306152344,0.0,208.0,208.0,7.54493522644043,0.998603515625,12,0.0,0.0,0.0,0.0,0.0,0.0,0.0,0.0,0.0,0.0
159.9417236328125,57.483687371514065,1084.3537562316656,4563,0.07191162109375,0.190673828125,1.185302734375,3.31103515625,0.0048828125,0.042724609375,6.2392578125,0.20166015625,3.444580078125,41.306640625,0.05859375,0.170166015625,9.593505859375,0.0,1.4423828125,0.0,0.115966796875,0.05981445312500001,27.438232421874996,0.23486328124999997,0.68310546875,0.093505859375,1.05224609375,0.05078125,3.080078125,100.89199829101562,49.964073181152344,0.0,208.0,208.0,7.575277328491211,0.99794921875,13,0.0,0.0,0.0,0.0,0.0,0.0,0.0,0.0,0.0,0.0
157.2666064453125,55.78257474011155,1019.7993026399552,4618,0.07162109375,0.180908203125,0.70361328125,2.830322265625,0.005859375,0.043212890625,6.050048828125,0.179443359375,2.466796875,39.8671875,0.06127929687499999,0.176513671875,8.966796875,0.0,4.364013671875,0.0,0.12158203125000001,0.06298828125,28.793945312500004,0.247802734375,0.682373046875,0.090576171875,1.111572265625,0.021240234375,2.971923828125,103.82693481445312,49.50392532348633,0.0,208.0,208.0,7.572952747344971,0.99828125,14,0.0,0.0,0.0,0.0,0.0,0.0,0.0,0.0,0.0,0.0
147.87072998046875,52.539738454799796,900.3610961900652,4522,0.0641162109375,0.160888671875,0.35693359375,2.4189453125,0.004638671875,0.04638671875,5.694091796875,0.132568359375,1.7324218749999998,57.793212890625,0.063232421875,0.176513671875,7.619873046875,0.0,2.216552734375,0.0,0.129150390625,0.064453125,16.286376953125,0.252197265625,0.70458984375,0.08349609375,1.169189453125,0.006103515625,2.737060546875,105.63687133789062,48.40217590332031,0.0,208.0,208.0,7.549769401550293,0.99859375,15,0.0,0.0,0.0,0.0,0.0,0.151123046875,0.0,0.0,0.0,0.0
140.8907861328125,55.53409338762902,824.0184150700032,4464,0.0608544921875,0.134033203125,0.339111328125,2.3291015625,0.00537109375,0.04541015625,5.150390625,0.05859375,1.546142578125,55.081787109375,0.064208984375,0.1806640625,6.043212890625,0.0,0.86328125,0.0,0.136474609375,0.06225585937499999,19.94970703125,0.257568359375,0.730224609375,0.06982421875,1.201171875,0.040283203125,2.328125,107.93634796142578,47.918006896972656,0.0,208.0,208.0,7.537875652313232,0.9989208984375,16,0.0,0.0,0.0,0.0,0.0,3.383056640625,0.0,0.0,0.0,0.0
137.40468017578124,51.389482933021405,618.138541135639,3837,0.04688232421875,0.08251953125,0.361083984375,2.429443359375,0.005126953125,0.03369140625,2.871826171875,0.0,1.434814453125,44.625,0.06225585937499999,0.154052734375,3.343017578125,0.0,0.019287109375,0.0,0.151123046875,0.0,34.485595703125,0.263671875,0.61865234375,0.05126953125,1.273681640625,1.42822265625,1.67529296875,107.55187225341797,47.23878860473633,0.0,208.0,208.0,7.522634506225586,0.9992333984375,17,0.0,0.0,0.0,0.0,0.0,2.83251953125,1.47119140625,0.32666015625,0.0,0.0
128.5760107421875,50.285205462269886,301.7981225134791,1539,0.02753173828125,0.0,0.0,25.65380859375,0.0,0.576416015625,0.0,0.0,0.03076171875,19.607421875,0.0,0.0,0.44677734375,0.0,0.0,0.0,0.150390625,0.0,44.4521484375,0.0,0.0,0.0,0.0,0.7890625,0.11132812499999999,105.52228546142578,47.06904983520508,0.0,208.0,208.0,7.515632629394531,0.9991748046875,18,0.0,0.0,0.0,0.0,0.0,2.544921875,4.889892578125,0.7470703125,0.0,0.0
129.208359375,58.46119785575922,363.1785740545035,1704,0.027734375,0.0,0.0,32.64599609375,0.0,1.229248046875,0.0,0.0,0.0,4.892578125,0.0,0.0,0.313720703125,0.0,0.0,0.0,0.377685546875,0.0,46.723388671875,0.0,0.0,0.0,0.0,0.708984375,0.0,101.5732421875,47.604949951171875,0.0,208.0,208.0,7.5396833419799805,0.9989794921875,19,0.0,0.0,0.0,0.0,0.0,2.575927734375,9.38232421875,1.150146484375,0.0,0.0
139.36794677734375,56.580930599047235,357.96793885037897,1746,0.02780029296875,0.0,0.0,30.013671874999996,0.0,1.47607421875,0.0,0.0,0.0,5.97607421875,0.0,0.0,0.268310546875,0.0,0.0,0.0,0.481689453125,0.0,47.364013671875,0.0,0.0,0.0,0.0,0.796142578125,0.0,96.9446029663086,47.831825256347656,0.0,208.0,208.0,7.536718368530273,0.99880615234375,20,0.0,0.0,0.0,0.0,0.0,0.0,12.026123046875,1.597900390625,0.0,0.0
147.96371337890625,58.0709888017247,332.40126219496136,1658,0.02943115234375,0.0,0.0,24.077880859375,0.0,1.320556640625,0.0,0.0,0.0,6.871826171875001,0.0,0.0,0.278564453125,0.0,0.0,0.0,0.596923828125,0.0,48.096435546875,0.0,0.0,0.0,0.0,0.993408203125,0.0,92.39767456054688,47.43507385253906,0.0,208.0,208.0,7.509224891662598,0.9984619140625,21,0.0,0.0,0.0,0.0,0.0,0.0,15.61572265625,2.148681640625,0.0,0.0
154.989970703125,60.749728587349594,305.5555235002935,1555,0.02602783203125,0.0,0.0,17.1357421875,0.0,0.166015625,0.0,0.0,0.0,7.511962890625,0.0,0.0,0.341064453125,0.0,0.0,0.0,0.6787109375,0.0,49.47216796875,0.0,0.0,0.0,0.0,1.247802734375,0.0,89.3887710571289,46.965492248535156,0.0,208.0,208.0,7.484833240509033,0.9990283203125,22,0.0,0.0,0.0,0.0,0.0,0.0,20.955322265625,2.4912109375,0.0,0.0
170.88074462890626,54.10718546440132,287.63332737135283,1670,0.028369140625,0.0,0.0,3.824462890625,0.0,0.0,0.0,0.0,0.0,8.9375,0.0,0.0,0.698486328125,0.0,0.0,0.0,0.82373046875,0.0,49.726806640625,0.0,0.0,0.0,0.0,1.8571777343749998,0.0,93.28295135498047,49.01644515991211,0.0,208.0,208.0,7.542160987854004,0.997900390625,23,0.0,0.0,0.0,0.0,0.0,0.0,31.220947265625,2.910888671875,0.0,0.0
191.34150146484376,51.9670889156088,306.3580180525243,1790,0.0313525390625,0.0,0.0,0.44921874999999994,0.0,0.0,0.0,0.0,0.0,12.19677734375,0.0,0.0,1.22265625,0.0,0.0,0.0,1.125,0.0,46.224609375,0.0,0.0,0.0,0.0,3.79736328125,0.0,97.8794174194336,49.82320022583008,0.0,208.0,208.0,7.56587553024292,0.9980615234375,24,0.0,0.0,0.0,0.0,0.0,0.0,31.794189453125,3.1901855468749996,0.0,0.0
188.967314453125,54.32804016579825,313.91402824285024,2088,0.02964111328125,0.0,0.0,0.9553222656250001,0.0,0.0,0.0,0.0,0.0,15.88037109375,0.0,0.0,1.7087402343749998,0.0,0.0,0.0,1.4140625,0.0,41.077392578125,0.0,0.0,0.0,0.0,6.1533203125,0.0,99.89773559570312,50.06428527832031,0.0,208.0,208.0,7.571713447570801,0.9976416015625,25,0.0,0.0,0.0,0.0,0.0,0.0,30.28662109375,2.524169921875,0.0,0.0
180.03734619140624,55.46895140181989,362.9440990717352,2556,0.029345703125,0.0,0.0,1.8293457031250002,0.0,0.0,0.0,0.0,0.0,20.63623046875,0.0,0.0,2.9248046875,0.0,0.0,0.0,2.120849609375,0.0,34.101806640625,0.0,0.0,0.0,0.0,9.202392578125,0.0,103.48950958251953,49.72858428955078,0.0,208.0,208.0,7.577598571777344,0.9976806640625,26,0.0,0.0,0.0,0.0,0.0,0.0,27.731445312500004,1.453125,0.0,0.0
163.07614013671875,60.90295824740413,554.6767597491681,3567,0.03580810546875,0.0,0.0,1.9853515624999998,0.0,0.0,0.0,0.0,0.0,23.689453125,0.0,0.0,8.0419921875,0.0,0.0,0.0,2.545166015625,0.0,21.777587890625,0.0,0.0,0.0,0.0,15.445068359375,0.0,103.337646484375,48.285709381103516,0.0,208.0,208.0,7.554847717285156,0.9986279296875,27,0.0,0.0,0.0,0.0,0.0,0.0,25.588623046874996,0.9267578125,0.0,0.0
154.35940673828125,61.72991219584419,596.7556930812834,3241,0.03421630859375,0.0,0.0,1.5932617187500002,0.0,0.0,0.001953125,0.0,0.0,19.055419921875,0.0,0.0,9.35498046875,0.0,0.0,0.0,3.5039062500000004,0.0,25.826171874999996,0.0,0.0,0.0,0.0,17.151611328125,0.0,100.64393615722656,47.82045364379883,0.0,208.0,208.0,7.542104721069336,0.99888916015625,28,0.0,0.0,0.0,0.0,0.0,0.0,23.296630859375,0.216064453125,0.0,0.0
148.658642578125,53.63122963808813,397.65432859253303,1515,0.0280615234375,0.0,0.0,1.61669921875,0.0,0.0,0.00732421875,0.0,0.0,25.839111328124996,0.0,0.0,4.8330078125,0.0,0.0,0.0,5.4130859375,0.0,33.821533203125,0.0,0.0,0.0,0.0,7.807128906249999,0.0,98.6546859741211,48.13295364379883,0.0,208.0,208.0,7.54405403137207,0.9987451171875,29,0.0,0.0,0.0,0.0,0.0,0.0,20.662109375,0.0,0.0,0.0
144.167421875,41.109058308284034,131.3215698087156,426,0.02072998046875,0.0,0.0,1.18408203125,0.0,0.0,0.0,0.0,0.0,24.355224609375,0.0,0.0,0.0,0.0,0.0,0.0,10.3076171875,0.0,49.619140625,0.0,0.0,0.0,0.0,0.0,0.0,98.29869079589844,48.47842788696289,0.0,208.0,208.0,7.547746658325195,0.99828369140625,30,0.0,0.0,0.0,0.0,0.0,0.0,14.533935546874998,0.0,0.0,0.0
135.4434326171875,38.744085717189,115.90947992667556,315,0.02091552734375,0.0,0.0,1.351806640625,0.0,0.0,0.0,0.0,0.0,31.729492187500004,0.0,0.0,0.0,0.0,0.0,0.0,13.920898437500002,0.0,45.134765625,0.0,0.0,0.0,0.0,0.0,0.0,95.18771362304688,48.43714904785156,0.0,208.0,208.0,7.531883239746094,0.998134765625,31,0.0,0.0,0.0,0.0,0.0,0.0,7.863037109375,0.0,0.0,0.0
131.2628515625,36.95516618138242,96.311967208004,236,0.0214306640625,0.0,0.0,0.758544921875,0.0,0.0,0.0,0.0,0.0,39.055419921875,0.0,0.0,0.0,0.0,0.0,0.0,15.116455078124998,0.0,41.46875,0.0,0.0,0.0,0.0,0.0,0.0,93.44886779785156,48.855796813964844,0.0,208.0,208.0,7.54229211807251,0.99820068359375,32,0.0,0.0,0.0,0.0,0.0,0.0,3.600830078125,0.0,0.0,0.0
129.1150341796875,36.399900593700174,84.81482665285468,161,0.0221142578125,0.0,0.0,0.289794921875,0.0,0.0,0.0,0.0,0.0,46.281005859375,0.0,0.0,0.0,0.0,0.0,0.0,14.074951171875,0.0,38.40283203125,0.0,0.0,0.0,0.0,0.0,0.0,92.1061782836914,49.27217483520508,0.0,208.0,208.0,7.536501884460449,0.9982666015625,33,0.0,0.0,0.0,0.0,0.0,0.0,0.951416015625,0.0,0.0,0.0
129.0339990234375,35.91361748995557,82.79848775286077,156,0.02076416015625,0.0,0.0,0.20703125,0.0,0.0,0.0,0.0,0.0,47.478515625,0.0,0.0,0.0,0.0,0.0,0.0,13.244384765625,0.0,38.40576171875,0.0,0.0,0.0,0.0,0.0,0.0,91.65442657470703,49.301055908203125,0.0,208.0,208.0,7.531528472900391,0.9983251953125,34,0.0,0.0,0.0,0.0,0.0,0.0,0.664306640625,0.0,0.0,0.0
128.2617626953125,33.64796941162598,73.99938474950794,149,0.02007568359375,0.0,0.0,0.00390625,0.0,0.0,0.0,0.0,0.0,54.16992187500001,0.0,0.0,0.0,0.0,0.0,0.0,10.825927734375,0.0,34.97705078125,0.0,0.0,0.0,0.0,0.0,0.0,91.83444213867188,50.400089263916016,0.0,208.0,208.0,7.515519618988037,0.9965478515625,35,0.0,0.0,0.0,0.0,0.0,0.0,0.023193359375,0.0,0.0,0.0
128.4052490234375,32.18548054627471,65.57902824554444,110,0.01956298828125,0.0,0.0,0.0,0.0,0.0,0.0,0.0,0.0,56.21142578125,0.0,0.0,0.0,0.0,0.0,0.0,9.576904296875,0.0,34.211669921875,0.0,0.0,0.0,0.0,0.0,0.0,94.33236694335938,51.2287483215332,0.0,208.0,208.0,7.535393238067627,0.99638671875,36,0.0,0.0,0.0,0.0,0.0,0.0,0.0,0.0,0.0,0.0
127.488955078125,32.199436880659505,41.40639861320853,62,0.014248046875,0.0,0.0,0.0,0.0,0.0,0.0,0.0,0.0,67.482666015625,0.0,0.0,0.0,0.0,0.0,0.0,5.0966796875,0.0,27.420654296875004,0.0,0.0,0.0,0.0,0.0,0.0,102.98485565185547,52.285606384277344,0.0,208.0,208.0,7.571906089782715,0.9968115234375,37,0.0,0.0,0.0,0.0,0.0,0.0,0.0,0.0,0.0,0.0
130.2751318359375,34.96668106776406,34.3791698444128,20,0.00993896484375,0.0,0.0,0.0,0.0,0.0,0.0,0.0,0.0,83.878173828125,0.0,0.0,0.0,0.0,0.0,0.0,0.234619140625,0.0,15.88720703125,0.0,0.0,0.0,0.0,0.0,0.0,113.73480224609375,49.49774932861328,0.0,208.0,208.0,7.466001987457275,0.99693359375,38,0.0,0.0,0.0,0.0,0.0,0.0,0.0,0.0,0.0,0.0
134.014140625,33.261541116213145,25.266207185024026,14,0.007431640625,0.0,0.0,0.0,0.0,0.0,0.0,0.0,0.0,89.63623046875,0.0,0.0,0.0,0.0,0.0,0.0,0.0,0.0,10.36376953125,0.0,0.0,0.0,0.0,0.0,0.0,117.33688354492188,46.89084243774414,0.0,208.0,208.0,7.42330265045166,0.99791748046875,39,0.0,0.0,0.0,0.0,0.0,0.0,0.0,0.0,0.0,0.0
136.60193603515626,31.454160046646443,22.936923768520355,12,0.00649658203125,0.0,0.0,0.0,0.0,0.0,0.0,0.0,0.0,92.899658203125,0.0,0.0,0.0,0.0,0.0,0.0,0.111572265625,0.0,6.98876953125,0.0,0.0,0.0,0.0,0.0,0.0,115.40648651123047,46.965110778808594,0.0,208.0,208.0,7.418529510498047,0.9981103515625,40,0.0,0.0,0.0,0.0,0.0,0.0,0.0,0.0,0.0,0.0
135.38204345703124,31.141733584194867,29.705366087341304,21,0.0085205078125,0.0,0.0,0.0,0.0,0.0,0.0,0.0,0.0,89.12353515625,0.0,0.0,0.0,0.0,0.0,0.0,1.8330078125,0.0,9.04345703125,0.0,0.0,0.0,0.0,0.0,0.0,112.58334350585938,48.28635025024414,0.0,208.0,208.0,7.485825061798096,0.9980859375,41,0.0,0.0,0.0,0.0,0.0,0.0,0.0,0.0,0.0,0.0
135.104306640625,30.733610406219512,32.354350134634984,23,0.0110888671875,0.0,0.0,0.0,0.0,0.0,0.0,0.0,0.0,86.87451171875,0.0,0.0,0.0,0.0,0.0,0.0,2.976318359375,0.0,10.149169921875,0.0,0.0,0.0,0.0,0.0,0.0,111.89779663085938,48.52671432495117,0.0,208.0,208.0,7.502897262573242,0.998193359375,42,0.0,0.0,0.0,0.0,0.0,0.0,0.0,0.0,0.0,0.0
132.422724609375,32.29688203311395,33.097502047723516,29,0.0091650390625,0.0,0.0,0.0,0.0,0.0,0.0,0.0,0.0,84.5869140625,0.0,0.0,0.0,0.0,0.0,0.0,3.292724609375,0.0,12.120361328125,0.0,0.0,0.0,0.0,0.0,0.0,111.78216552734375,49.52967071533203,0.0,208.0,208.0,7.519940376281738,0.99758544921875,43,0.0,0.0,0.0,0.0,0.0,0.0,0.0,0.0,0.0,0.0
127.94654052734376,32.782017328883065,45.810749364799264,75,0.0167041015625,0.0,0.0,0.0,0.0,0.0,0.0,0.0,0.0,69.76806640625,0.0,0.0,0.0,0.0,0.0,0.0,5.14208984375,0.0,25.08984375,0.0,0.0,0.0,0.0,0.0,0.0,104.43805694580078,52.19807052612305,0.0,208.0,208.0,7.565861701965332,0.9968701171875,44,0.0,0.0,0.0,0.0,0.0,0.0,0.0,0.0,0.0,0.0
128.159892578125,29.944980077208236,48.98269454002383,136,0.02117919921875,0.0,0.0,0.0,0.0,0.0,0.0,0.0,0.0,59.19360351562501,0.0,0.0,0.0,0.0,0.0,0.0,5.25927734375,0.0,35.547119140625,0.0,0.0,0.0,0.0,0.0,0.0,96.95043182373047,51.90407943725586,0.0,208.0,208.0,7.562078475952148,0.99658935546875,45,0.0,0.0,0.0,0.0,0.0,0.0,0.0,0.0,0.0,0.0
130.7504443359375,27.56205901181068,68.50238961095214,248,0.020859375,0.0,0.0,0.0,0.0,0.0,0.0,0.0,0.0,48.28662109375,0.0,0.0,0.0,0.0,0.0,0.0,6.783447265625001,0.0,44.929931640625,0.0,0.0,0.0,0.0,0.0,0.0,92.1831283569336,49.40747833251953,0.0,208.0,208.0,7.522110939025879,0.9980908203125,46,0.0,0.0,0.0,0.0,0.0,0.0,0.0,0.0,0.0,0.0
131.67145751953126,27.151227901105067,74.37201972045898,230,0.01983642578125,0.0,0.0,0.0,0.0,0.0,0.0,0.0,0.0,45.609375,0.0,0.0,0.0,0.0,0.0,0.0,6.607177734375,0.0,47.783447265625,0.0,0.0,0.0,0.0,0.0,0.0,93.09520721435547,49.073158264160156,0.0,208.0,208.0,7.530904769897461,0.998369140625,47,0.0,0.0,0.0,0.0,0.0,0.0,0.0,0.0,0.0,0.0
132.80506103515626,27.5762555009256,86.18503547238709,180,0.02413330078125,0.0,0.0,0.0,0.0,0.0,0.0,0.0,0.0,42.732666015625,0.0,0.0,0.0,0.0,0.0,0.0,6.931884765625,0.0,50.33544921874999,0.0,0.0,0.0,0.0,0.0,0.0,93.7909927368164,48.85922622680664,0.0,208.0,208.0,7.53292179107666,0.99876708984375,48,0.0,0.0,0.0,0.0,0.0,0.0,0.0,0.0,0.0,0.0
133.8143115234375,29.059593390683553,99.11474645327924,166,0.02178466796875,0.0,0.0,0.000244140625,0.0,0.0,0.0,0.0,0.0,39.96533203125,0.0,0.0,0.0,0.0,0.0,0.0,7.364990234375,0.0,52.66943359375,0.0,0.0,0.0,0.0,0.0,0.0,94.51315307617188,48.32373809814453,0.0,208.0,208.0,7.533916473388672,0.998271484375,49,0.0,0.0,0.0,0.0,0.0,0.0,0.0,0.0,0.0,0.0
137.18896484375,33.573151392686746,116.60860741593838,203,0.0221044921875,0.0,0.0,0.35595703125,0.0,0.0,0.0,0.0,0.0,33.430419921875,0.0,0.0,0.0,0.0,0.0,0.0,8.91015625,0.0,56.802001953125,0.0,0.0,0.0,0.0,0.0,0.0,97.08439636230469,47.951263427734375,0.0,208.0,208.0,7.513646125793457,0.99869140625,50,0.0,0.0,0.0,0.0,0.0,0.0,0.50146484375,0.0,0.0,0.0
139.38475830078124,33.987093650096774,121.0084716710806,277,0.0237451171875,0.0,0.0,0.335205078125,0.0,0.0,0.0,0.0,0.0,31.660400390625,0.0,0.0,0.0,0.0,0.0,0.0,8.9921875,0.0,58.06494140625,0.0,0.0,0.0,0.0,0.0,0.0,97.89125061035156,47.906131744384766,0.0,208.0,208.0,7.515580654144287,0.99869384765625,51,0.0,0.0,0.0,0.0,0.0,0.0,0.9472656249999999,0.0,0.0,0.0
142.143212890625,33.425525788649104,130.04083468660713,258,0.02579345703125,0.0,0.0,0.15576171875,0.0,0.0,0.0,0.0,0.0,30.797607421875,0.0,0.0,0.0,0.0,0.0,0.0,8.324951171875,0.0,59.02539062499999,0.0,0.0,0.0,0.0,0.0,0.0,99.28724670410156,47.84996795654297,0.0,208.0,208.0,7.516609191894531,0.99876220703125,52,0.0,0.0,0.0,0.0,0.0,0.0,1.6962890625,0.0,0.0,0.0
145.28399169921875,34.1578567151824,137.27986380643245,358,0.02844970703125,0.0,0.0,0.07470703125,0.0,0.0,0.0,0.0,0.0,35.8740234375,0.0,0.0,0.0,0.0,0.0,0.0,7.423583984375,0.0,52.091064453125,0.0,0.0,0.0,0.0,1.29638671875,0.0,100.42520141601562,47.87451934814453,0.0,208.0,208.0,7.530557632446289,0.99874755859375,53,0.0,0.0,0.0,0.0,0.0,0.0,3.240234375,0.0,0.0,0.0
149.21701171875,38.833991893980425,209.62504150390032,534,0.029892578125,0.0,0.0,0.066650390625,0.0,0.0,0.0,0.0,0.0,35.919677734375,0.0,0.0,0.517578125,0.0,0.0,0.0,7.314208984374999,0.0,45.1650390625,0.0,0.0,0.0,0.0,6.489501953125,0.0,99.76709747314453,47.97954559326172,0.0,208.0,208.0,7.530976295471191,0.9988720703125,54,0.0,0.0,0.0,0.0,0.0,0.0,4.52734375,0.0,0.0,0.0
153.14021484375,41.77406746828069,219.15825188615324,455,0.02763427734375,0.0,0.0,0.225830078125,0.0,0.0,0.0,0.0,0.0,33.489501953125,0.0,0.0,0.4921875,0.0,0.0,0.0,8.710693359375,0.0,40.348388671875,0.0,0.0,0.0,0.0,10.59326171875,0.0,98.0291976928711,47.860023498535156,0.0,208.0,208.0,7.529111385345459,0.99881103515625,55,0.0,0.0,0.0,0.0,0.0,0.0,6.14013671875,0.0,0.0,0.0
154.338603515625,42.23296648366971,195.9705924849451,461,0.02572265625,0.0,0.0,0.45751953124999994,0.0,0.0,0.0,0.0,0.0,31.426025390625,0.0,0.0,0.205322265625,0.0,0.0,0.0,9.9775390625,0.0,38.760498046875,0.0,0.0,0.0,0.0,11.009765625,0.0,97.46321105957031,47.930885314941406,0.0,208.0,208.0,7.5269904136657715,0.99890869140625,56,0.0,0.0,0.0,0.0,0.0,0.0,8.163330078125,0.0,0.0,0.0
158.7798193359375,44.065141731165156,256.0292824390173,626,0.0255322265625,0.0,0.0,0.305908203125,0.0,0.0,0.0,0.0,0.0,29.117431640625004,0.0,0.0,0.58154296875,0.0,0.0,0.0,7.73486328125,0.0,34.64794921875,0.0,0.0,0.0,0.0,15.342285156249998,0.0,96.80950927734375,47.73773956298828,0.0,208.0,208.0,7.517819404602051,0.99925537109375,57,0.0,0.0,0.0,0.0,0.0,0.0,12.27001953125,0.0,0.0,0.0
159.55710693359376,44.94592112430446,274.1917128356933,637,0.02673828125,0.0,0.0,0.27978515625,0.0,0.0,0.0,0.0,0.0,29.44189453125,0.0,0.0,0.9013671875,0.0,0.0,0.0,7.739990234374999,0.0,34.04296875,0.0,0.0,0.0,0.0,17.421875,0.0,97.56724548339844,47.55601119995117,0.0,208.0,208.0,7.51215124130249,0.9991357421875,58,0.0,0.0,0.0,0.0,0.0,0.0,10.149169921875,0.02294921875,0.0,0.0
160.80065185546874,46.83967240701176,330.35173290405277,877,0.0275634765625,0.0,0.0,0.23876953124999997,0.0,0.0,0.0,0.0,0.0,30.2568359375,0.0,0.0,1.454345703125,0.0,0.0,0.0,8.021728515625,0.0,32.9677734375,0.0,0.0,0.0,0.0,21.288818359375,0.0,98.97900390625,47.2493896484375,0.0,208.0,208.0,7.508631706237793,0.9992578125,59,0.0,0.0,0.0,0.0,0.0,0.0,5.513427734375,0.25830078125,0.0,0.0
161.7876513671875,47.715697664038764,345.08906470059753,849,0.0273486328125,0.0,0.0,0.238037109375,0.0,0.0,0.0,0.0,0.0,32.44775390625,0.0,0.0,1.6550292968750002,0.0,0.0,0.0,6.40869140625,0.0,33.632568359375,0.0,0.0,0.0,0.0,23.79833984375,0.0,99.7696304321289,47.15900802612305,0.0,208.0,208.0,7.51713752746582,0.99926513671875,60,0.0,0.0,0.0,0.0,0.0,0.0,1.47265625,0.346923828125,0.0,0.0
164.339267578125,48.606417461163204,392.0013617674768,1120,0.03005615234375,0.0,0.0,0.00439453125,0.0,0.0,0.0,0.0,0.0,32.653076171875,0.0,0.0,2.368896484375,0.0,0.0,0.0,4.13720703125,0.0,32.9033203125,0.0,0.0,0.0,0.0,26.8115234375,0.0,100.66213989257812,47.22041320800781,0.0,208.0,208.0,7.520506858825684,0.9993310546875,61,0.0,0.0,0.0,0.0,0.0,0.0,0.186279296875,0.935302734375,0.0,0.0
165.97155029296874,48.546706314971956,394.9839049431742,1189,0.03037841796875,0.0,0.0,0.0,0.0,0.0,0.0,0.0,0.0,32.397216796875,0.0,0.0,2.801513671875,0.0,0.0,0.0,2.6328125,0.0,32.73974609375,0.0,0.0,0.0,0.0,28.132080078125,0.0,101.12032318115234,47.229820251464844,0.0,208.0,208.0,7.522314548492432,0.9993505859375,62,0.0,0.0,0.0,0.0,0.0,0.0,0.0400390625,1.256591796875,0.0,0.0
165.491318359375,51.066580197871865,443.41793610977516,1689,0.031298828125,0.0,0.0,0.0,0.0,0.0,0.0,0.0,0.0,31.033447265625004,0.0,0.0,3.919189453125,0.0,0.0,0.0,3.15625,0.0,30.928955078124996,0.0,0.0,0.0,0.0,28.926025390625,0.0,102.63179779052734,47.310813903808594,0.0,208.0,208.0,7.524003028869629,0.999326171875,63,0.0,0.0,0.0,0.0,0.0,0.0,0.07861328125,1.9575195312500002,0.0,0.0
162.01489501953125,54.09817117361547,570.5334815001488,2633,0.03725341796875,0.0,0.0,0.01611328125,0.0,0.0,0.0,0.0,0.0,33.11181640625,0.0,0.0,6.043212890625,0.0,0.0,0.0,4.71533203125,0.0,27.548583984375004,0.0,0.0,0.0,0.0,23.052001953125,0.0,106.30535888671875,47.206756591796875,0.0,208.0,208.0,7.520975112915039,0.99923583984375,64,0.0,0.0,0.0,0.0,0.0,0.0,2.383056640625,3.1298828124999996,0.0,0.0
160.93233154296874,54.88506913584358,598.0506346350671,2946,0.03959228515625,0.0,0.0,0.141845703125,0.0,0.0,0.0,0.0,0.0,32.38134765625,0.0,0.0,6.964111328125,0.0,0.0,0.0,4.10595703125,0.0,27.437499999999996,0.0,0.0,0.0,0.0,18.343017578125,0.0,108.2301254272461,47.337013244628906,0.0,208.0,208.0,7.519304275512695,0.99940185546875,65,0.0,0.0,0.0,0.0,0.0,0.0,7.300537109374999,3.32568359375,0.0,0.0
162.81010498046874,54.856419850080236,548.5028382379472,3071,0.03796630859375,0.0,0.0,0.143310546875,0.0,0.0,0.0,0.0,0.0,27.449951171874996,0.0,0.0,6.876708984375,0.0,0.0,0.0,3.124755859375,0.0,34.33056640625,0.0,0.0,0.0,0.0,12.501464843749998,0.0,108.39905548095703,48.19962692260742,0.0,208.0,208.0,7.542524814605713,0.99805908203125,66,0.0,0.0,0.0,0.0,0.0,0.0,11.775146484375,3.798095703125,0.0,0.0
162.87767578125,54.861884400990945,551.067279600525,3118,0.0387255859375,0.0,0.0,0.1416015625,0.0,0.0,0.0,0.0,0.0,27.140380859375,0.0,0.0,6.866943359375,0.0,0.0,0.0,3.043701171875,0.0,34.48486328125,0.0,0.0,0.0,0.0,12.34423828125,0.0,108.31410217285156,48.195472717285156,0.0,208.0,208.0,7.5422515869140625,0.998056640625,67,0.0,0.0,0.0,0.0,0.0,0.0,12.072509765625,3.9057617187499996,0.0,0.0
163.72576904296875,55.44486884702891,561.1702593411862,3050,0.0391552734375,0.0,0.0,0.10791015625,0.0,0.0,0.0,0.0,0.0,24.423828125,0.0,0.0,6.931152343749999,0.0,0.0,0.0,2.87353515625,0.0,40.64794921875,0.0,0.0,0.0,0.0,9.871337890625,0.0,108.3086166381836,48.57926940917969,0.0,208.0,208.0,7.543718338012695,0.99770751953125,68,0.0,0.0,0.0,0.0,0.0,0.0,11.163818359375,3.98046875,0.0,0.0
164.88625732421875,56.0824277797432,533.7398010051488,2963,0.03796875,0.0,0.0,0.1630859375,0.0,0.0,0.0185546875,0.0,0.0,21.917724609375,0.0,0.0,6.771728515625,0.0,0.0,0.0,2.71337890625,0.0,47.49658203125,0.0,0.0,0.0,0.0,7.437988281250001,0.0,107.6117172241211,49.122169494628906,0.0,208.0,208.0,7.543621063232422,0.99736083984375,69,0.0,0.0,0.0,0.0,0.0,0.0,9.58154296875,3.8994140625,0.0,0.0
165.371484375,56.25465625123905,515.2841983873785,2913,0.03717041015625,0.0,0.0,0.148193359375,0.0,0.0,0.0224609375,0.0,0.0,20.9501953125,0.0,0.0,6.527099609375001,0.0,0.0,0.0,2.705810546875,0.0,51.49072265625,0.0,0.0,0.0,0.0,6.386718750000001,0.0,107.25128173828125,49.35564422607422,0.0,208.0,208.0,7.547503471374512,0.99725830078125,70,0.0,0.0,0.0,0.0,0.0,0.0,7.844482421875,3.92431640625,0.0,0.0
166.15591064453125,55.5744759658842,503.73508007047184,2880,0.0371826171875,0.0,0.0,0.031494140625,0.0,0.0,0.01708984375,0.0,0.0,20.236083984375,0.0,0.0,6.2861328125,0.0,0.0,0.0,2.705078125,0.0,54.3349609375,0.0,0.0,0.0,0.0,5.662353515625,0.0,106.84445190429688,49.59579849243164,0.0,208.0,208.0,7.552524566650391,0.9971875,71,0.0,0.0,0.0,0.0,0.0,0.0,6.725097656249999,4.001708984375,0.0,0.0
169.5132080078125,53.49489467428264,412.53826883897193,2584,0.0359033203125,0.0,0.0,0.003173828125,0.0,0.0,0.0,0.0,0.0,17.740966796875,0.0,0.0,5.15234375,0.0,0.0,0.0,2.342529296875,0.0,60.08422851562501,0.0,0.0,0.0,0.0,3.7653808593749996,0.0,102.9134750366211,50.016197204589844,0.0,208.0,208.0,7.5519866943359375,0.9971484375,72,0.0,0.0,0.0,0.0,0.0,0.0,7.04150390625,3.869873046875,0.0,0.0
172.16866943359375,49.850335089468835,388.0260893652379,2118,0.03283203125,0.0,0.0,0.027099609375000003,0.0,0.0,0.0,0.0,0.0,15.494384765625,0.0,0.0,3.5412597656250004,0.0,0.0,0.0,1.9541015625000002,0.0,65.503662109375,0.0,0.0,0.0,0.0,2.35498046875,0.0,100.0750503540039,49.86836242675781,0.0,208.0,208.0,7.554862022399902,0.9976318359375,73,0.0,0.0,0.0,0.0,0.0,0.0,7.5869140625,3.53759765625,0.0,0.0
172.8235400390625,47.620159741807996,347.6927141384125,1832,0.03011962890625,0.0,0.0,0.04345703125,0.0,0.0,0.0,0.0,0.0,14.164550781249998,0.0,0.0,2.53271484375,0.0,0.0,0.0,1.7353515625,0.0,68.802490234375,0.0,0.0,0.0,0.0,1.718505859375,0.0,99.30049896240234,49.637020111083984,0.0,208.0,208.0,7.560232639312744,0.998173828125,74,0.0,0.0,0.0,0.0,0.0,0.0,7.715576171874999,3.287353515625,0.0,0.0
172.35640869140624,47.369738346631,338.43788047122354,1624,0.030244140625,0.0,0.0,0.05029296875,0.0,0.0,0.0,0.0,0.0,13.508300781249998,0.0,0.0,2.152099609375,0.0,0.0,0.0,1.634521484375,0.0,70.051025390625,0.0,0.0,0.0,0.0,1.53173828125,0.0,99.23755645751953,49.570526123046875,0.0,208.0,208.0,7.5622453689575195,0.9981103515625,75,0.0,0.0,0.0,0.0,0.0,0.0,7.90966796875,3.162353515625,0.0,0.0
171.90989990234374,46.793735283235925,313.5373075095176,1363,0.02634033203125,0.0,0.0,0.210205078125,0.0,0.0,0.0,0.0,0.0,12.036865234375,0.0,0.0,1.5478515625,0.0,0.0,0.0,1.44482421875,0.0,71.762939453125,0.0,0.0,0.0,0.0,1.24658203125,0.0,99.02452850341797,49.209564208984375,0.0,208.0,208.0,7.555055618286133,0.998212890625,76,0.0,0.0,0.0,0.0,0.0,0.0,8.826904296875,2.923828125,0.0,0.0
171.36468505859375,45.27967227262839,290.8425194949866,1241,0.026328125,0.0,0.0,0.339599609375,0.0,0.0,0.0,0.0,0.0,9.86474609375,0.0,0.0,0.8322753906250001,0.0,0.0,0.0,1.18994140625,0.0,74.063232421875,0.0,0.0,0.0,0.0,0.89111328125,0.0,98.53581237792969,49.069793701171875,0.0,208.0,208.0,7.5600905418396,0.9981591796875,77,0.0,0.0,0.0,0.0,0.0,0.0,10.26123046875,2.557861328125,0.0,0.0
170.17051513671876,44.320344358994646,282.6515110437334,1202,0.0259765625,0.0,0.0,0.359619140625,0.0,0.0,0.0,0.0,0.0,8.55126953125,0.0,0.0,0.570068359375,0.0,0.0,0.0,1.0361328125,0.0,75.173828125,0.0,0.0,0.0,0.0,0.70166015625,0.0,98.08085632324219,48.81039810180664,0.0,208.0,208.0,7.5633158683776855,0.99837890625,78,0.0,0.0,0.0,0.0,0.0,0.0,11.326416015625,2.281005859375,0.0,0.0
169.274638671875,44.300545189293786,272.49004791221626,1167,0.0252490234375,0.0,0.0,0.293701171875,0.0,0.0,0.0,0.0,0.0,8.322998046875,0.0,0.0,0.538330078125,0.0,0.0,0.0,1.01611328125,0.0,75.826171875,0.0,0.0,0.0,0.0,0.669189453125,0.0,98.17054748535156,48.90363311767578,0.0,208.0,208.0,7.565717697143555,0.99835693359375,79,0.0,0.0,0.0,0.0,0.0,0.0,11.1142578125,2.21923828125,0.0,0.0
168.24911376953125,43.624374328940796,265.47459711417554,1285,0.024736328125,0.0,0.0,0.182861328125,0.0,0.0,0.0,0.0,0.0,8.07958984375,0.0,0.0,0.49462890625000006,0.0,0.0,0.0,0.98974609375,0.0,76.650390625,0.0,0.0,0.0,0.0,0.63916015625,0.0,97.98987579345703,48.83430480957031,0.0,208.0,208.0,7.563910484313965,0.99835693359375,80,0.0,0.0,0.0,0.0,0.0,0.0,10.81396484375,2.149658203125,0.0,0.0
164.419990234375,41.812965592044144,257.5725512389183,1334,0.0269140625,0.0,0.0,0.154296875,0.0,0.0,0.0,0.0,0.0,7.110107421875,0.0,0.0,0.408447265625,0.0,0.0,0.0,0.8461914062499999,0.0,77.1357421875,0.0,0.0,0.0,0.0,0.58154296875,0.0,97.16390991210938,48.52210998535156,0.0,208.0,208.0,7.556066513061523,0.99853271484375,81,0.0,0.0,0.0,0.0,0.0,0.0,11.938720703125,1.824951171875,0.0,0.0
162.161435546875,40.9746728662218,260.34485768487457,1438,0.02718017578125,0.0,0.0,0.17529296875,0.0,0.008544921875,0.0,0.0,0.0,6.680419921875,0.0,0.0,0.39453125,0.0,0.0,0.0,0.7744140625,0.0,76.380126953125,0.0,0.0,0.0,0.0,0.5751953125,0.0,96.9824447631836,48.2332649230957,0.0,208.0,208.0,7.548041820526123,0.99860595703125,82,0.0,0.0,0.0,0.0,0.0,0.0,13.341552734375,1.6699218750000002,0.0,0.0
161.47746337890624,40.53561368075867,261.6189381972313,1407,0.02757080078125,0.0,0.0,0.155029296875,0.0,0.120849609375,0.0,0.0,0.0,6.465820312499999,0.0,0.0,0.380859375,0.0,0.0,0.0,0.733642578125,0.0,75.146240234375,0.0,0.0,0.0,0.0,0.56982421875,0.0,96.81130981445312,48.02363586425781,0.0,208.0,208.0,7.542756080627441,0.99874267578125,83,0.0,0.0,0.0,0.0,0.0,0.0,14.827392578125002,1.600341796875,0.0,0.0
159.9641259765625,39.44462262552485,260.50942188680176,1451,0.026611328125,0.0,0.0,0.11254882812500001,0.0,0.1640625,0.0,0.0,0.0,6.2294921875,0.0,0.0,0.373779296875,0.0,0.0,0.0,0.694091796875,0.0,74.244140625,0.0,0.0,0.0,0.0,0.580810546875,0.0,96.75452423095703,47.836666107177734,0.0,208.0,208.0,7.538691520690918,0.99884765625,84,0.0,0.0,0.0,0.0,0.0,0.0,16.097412109375,1.503662109375,0.0,0.0
159.0722265625,39.291579701917136,260.3290581558645,1486,0.02489990234375,0.0,0.0,0.089111328125,0.0,0.18212890625,0.0,0.0,0.0,6.186279296875,0.0,0.0,0.386474609375,0.0,0.0,0.0,0.683349609375,0.0,74.5498046875,0.0,0.0,0.0,0.0,0.584716796875,0.0,96.88838195800781,47.804443359375,0.0,208.0,208.0,7.539112091064453,0.99891357421875,85,0.0,0.0,0.0,0.0,0.0,0.0,15.86962890625,1.468505859375,0.0,0.0
154.55086181640624,39.602918618147726,272.482509438461,1452,0.026318359375,0.0,0.0,0.09228515625,0.0,0.343017578125,0.0,0.0,0.0,5.87109375,0.0,0.0,0.44140624999999994,0.0,0.0,0.0,0.629150390625,0.0,74.53076171875,0.0,0.0,0.0,0.0,0.599853515625,0.0,97.85289001464844,47.70966720581055,0.0,208.0,208.0,7.536584854125977,0.99902099609375,86,0.0,0.0,0.0,0.0,0.0,0.0,16.186279296875,1.30615234375,0.0,0.0
152.2500634765625,40.22390558563871,273.89773364961155,1444,0.0253564453125,0.0,0.0,0.205078125,0.0,0.40917968750000006,0.0,0.0,0.0,5.693359375,0.0,0.0,0.46582031249999994,0.0,0.0,0.0,0.600341796875,0.0,73.875732421875,0.0,0.0,0.0,0.0,0.609130859375,0.0,98.20421600341797,47.52225112915039,0.0,208.0,208.0,7.532013416290283,0.999140625,87,0.0,0.0,0.0,0.0,0.0,0.0,16.908935546875,1.232421875,0.0,0.0
145.4210546875,45.6195006645165,283.35291209291813,1460,0.02690185546875,0.0,0.0,1.798583984375,0.0,0.38671875,0.0,0.0,0.0,5.274658203125,0.0,0.0,0.506591796875,0.0,0.0,0.0,0.523193359375,0.0,71.316650390625,0.0,0.0,0.0,0.0,0.604248046875,0.0,98.83760833740234,47.319915771484375,0.0,208.0,208.0,7.524979591369629,0.99914306640625,88,0.0,0.0,0.0,0.0,0.0,0.0,18.502685546875,1.086669921875,0.0,0.0
134.557470703125,51.28002410220738,317.3180676140248,1710,0.02585693359375,0.0,0.0,9.89013671875,0.0,0.367919921875,0.0,0.0,0.0,4.65771484375,0.0,0.0,0.574462890625,0.0,0.0,0.0,0.420654296875,0.0,67.81982421875,0.0,0.0,0.0,0.0,0.63623046875,0.0,99.98277282714844,47.19197463989258,0.0,208.0,208.0,7.526341438293457,0.999169921875,89,0.0,0.0,0.0,0.0,0.0,1.599609375,13.18310546875,0.850341796875,0.0,0.0
127.84857666015625,50.754702273836116,287.8859316919088,1401,0.02488037109375,0.0,0.0,18.070068359375,0.0,0.10498046875,0.0,0.0,0.0,4.06103515625,0.0,0.0,0.560791015625,0.0,0.0,0.0,0.166259765625,0.0,63.89941406250001,0.0,0.0,0.0,0.0,0.8156738281249999,0.0,103.57609558105469,47.87746810913086,0.0,208.0,208.0,7.538374900817871,0.998818359375,90,0.0,0.0,0.0,0.0,0.0,4.533203125,7.175537109375001,0.613037109375,0.0,0.0
124.3025390625,52.249014722304565,285.58586178635966,1424,0.02574462890625,0.0,0.0,19.0791015625,0.0,0.3427734375,0.0,0.0,0.0,5.562255859375,0.0,0.0,0.443359375,0.0,0.0,0.0,0.0,0.0,61.802001953125,0.0,0.0,0.0,0.0,1.043701171875,0.0,104.80333709716797,47.6612434387207,0.0,208.0,208.0,7.535526275634766,0.998916015625,91,0.0,0.0,0.0,0.0,0.0,4.91162109375,6.292724609375,0.5224609375,0.0,0.0
126.90197265625,49.288422908705215,215.3695580093324,1221,0.022236328125,0.0,0.0,2.61474609375,0.0,0.382080078125,0.0,0.0,0.0,24.7451171875,0.0,0.0,0.23486328124999997,0.0,0.0,0.0,0.0,0.0,59.39599609375,0.0,0.0,0.0,0.0,1.395751953125,0.0,104.41315460205078,46.96837615966797,0.0,208.0,208.0,7.5077338218688965,0.99908935546875,92,0.0,0.0,0.0,0.0,0.0,4.36181640625,6.64501953125,0.22460937499999997,0.0,0.0
129.16116943359376,46.4073812835552,172.25350533714288,972,0.0195361328125,0.0,0.0,0.0,0.0,0.157958984375,0.0,0.0,0.0,30.733642578124996,0.0,0.0,0.080322265625,0.0,0.0,0.0,0.0,0.0,58.49633789062501,0.0,0.0,0.0,0.0,1.26611328125,0.0,104.18585968017578,46.790313720703125,0.0,208.0,208.0,7.5024800300598145,0.99919921875,93,0.0,0.0,0.0,0.0,0.0,4.219970703125,4.940673828125,0.10498046875,0.0,0.0
132.8507177734375,44.842960957479384,541.2655196617543,1791,0.03188232421875,0.0,0.0,0.0,0.00146484375,0.01611328125,0.0,0.29443359375,0.082763671875,39.0400390625,0.0,0.145751953125,1.8591308593750002,0.0,0.00537109375,0.0,0.251220703125,0.0,50.93554687500001,0.0,0.380615234375,0.0,0.953125,1.6015624999999998,0.0,104.40775299072266,47.03938674926758,0.0,208.0,208.0,7.509891986846924,0.99904296875,94,0.0,0.0,0.0,0.0,0.0,4.117919921875,0.0,0.309326171875,0.005615234375,0.0
134.80522216796874,49.051001673864214,654.6779212663115,3042,0.042958984375,0.0,0.046630859375,0.121826171875,0.0087890625,0.08154296875,2.2568359375,0.46044921875,0.08984375,42.5830078125,0.0,0.302734375,3.6381835937500004,0.0,0.081298828125,0.0,0.248046875,0.055908203125,42.101806640625,0.075927734375,0.781494140625,0.002197265625,1.408447265625,1.443603515625,0.0,105.12197875976562,47.21488952636719,0.0,208.0,208.0,7.499245643615723,0.99903564453125,95,0.0,0.0,0.0,0.0,0.0,4.20849609375,0.0,0.0,0.0029296875,0.0
135.7999169921875,50.17259284943621,748.887057935232,3692,0.05017333984375,0.0,0.06884765625,0.10205078125,0.008544921875,0.07177734375,3.134765625,0.503662109375,0.083984375,47.241943359375,0.10302734375,0.29443359375,5.358642578125,0.0,0.187744140625,0.0,0.21875000000000003,0.08203125,35.3095703125,0.146728515625,0.85693359375,0.09814453124999999,1.595703125,0.0263671875,0.7080078125,104.0141372680664,47.58354187011719,0.0,208.0,208.0,7.504824161529541,0.99895263671875,96,0.0,0.0,0.0,0.0,0.0,3.7968750000000004,0.0,0.0,0.00146484375,0.0
148.04230224609375,48.62004011569722,855.3235631273685,4062,0.05731689453125,0.356201171875,0.09375,0.0634765625,0.007568359375,0.0712890625,3.8044433593750004,0.495361328125,0.068359375,50.00927734375,0.10839843750000001,0.280029296875,6.663330078125,0.0,2.333984375,0.0,0.19628906249999997,0.07666015625,29.820068359375,0.32763671875,0.895751953125,0.1943359375,1.7255859375000002,0.255859375,1.19873046875,101.72482299804688,47.762351989746094,0.0,208.0,208.0,7.526171684265137,0.99869873046875,97,0.0,0.0,0.0,0.0,0.0,0.9492187500000001,0.0,0.0,0.00439453125,0.0
151.3001171875,47.235992291468854,827.2820042991398,4128,0.05481201171875,0.45800781250000006,0.16943359375,0.05615234374999999,0.006835937500000001,0.06787109375,4.108642578125,0.4609375,0.06689453125,51.63232421875,0.10595703125,0.271240234375,6.571044921874999,0.0,2.6953125,0.0,0.194580078125,0.080078125,28.268798828125004,0.36865234375,0.931396484375,0.186767578125,1.872314453125,0.005859375,1.41748046875,101.38105773925781,47.68584060668945,0.0,208.0,208.0,7.536211013793945,0.99865234375,98,0.0,0.0,0.0,0.0,0.0,0.0,0.0,0.0,0.0034179687500000004,0.0
159.3468994140625,49.83817109898632,821.9603181928396,4350,0.05604248046875,0.430419921875,0.347900390625,0.11376953125,0.007080078124999999,0.0654296875,3.82177734375,0.43994140625,0.067138671875,41.896728515625,0.106689453125,0.271240234375,6.890625,0.0,4.21435546875,0.0,0.1884765625,0.08349609375,35.619140625,0.42089843749999994,1.005615234375,0.1884765625,1.922607421875,0.006835937500000001,1.88916015625,101.86257934570312,48.339935302734375,0.0,208.0,208.0,7.551899433135986,0.99864990234375,99,0.0,0.0,0.0,0.0,0.0,0.0,0.0,0.0,0.002197265625,0.0
162.2077294921875,52.8604299686059,869.0102818944691,4474,0.06091552734375,0.402099609375,0.6494140625,0.2900390625,0.006835937500000001,0.065185546875,3.408203125,0.408935546875,0.066162109375,32.109130859375,0.109619140625,0.27783203125,6.371093749999999,0.0,7.375244140624999,0.0,0.189208984375,0.08447265625,41.960693359375,0.48974609374999994,1.09619140625,0.194580078125,1.9306640625,0.0234375,2.489990234375,103.26185607910156,48.947940826416016,0.0,208.0,208.0,7.561697006225586,0.99841064453125,100,0.0,0.0,0.0,0.0,0.0,0.0,0.0,0.0,0.001220703125,0.0
162.73233154296875,52.89921114376156,868.7706364639042,4420,0.059140625,0.39526367187500006,0.670654296875,0.8017578125000001,0.007080078124999999,0.0625,2.63330078125,0.39892578125,0.154052734375,34.240234375,0.11572265625,0.29150390625,4.8330078125,0.0,6.593017578125,0.0,0.1953125,0.0888671875,41.71044921875,0.52783203125,1.180419921875,0.19775390625,1.98046875,0.029296875,2.891845703125,103.36174011230469,49.14813232421875,0.0,208.0,208.0,7.568304061889648,0.99846435546875,101,0.0,0.0,0.0,0.0,0.0,0.0,0.0,0.0,0.000732421875,0.0
163.6442578125,52.549162112320786,847.8543655085028,4254,0.05461181640625,0.40258789062499994,0.713134765625,1.10888671875,0.007080078124999999,0.066162109375,1.803955078125,0.39916992187500006,0.26708984375,35.429931640625,0.125244140625,0.307861328125,3.9943847656250004,0.0,5.522216796875,0.0,0.205322265625,0.0517578125,42.123779296875,0.571044921875,1.283447265625,0.208984375,2.114013671875,0.035888671875,3.257568359375,103.0564956665039,49.31140899658203,0.0,208.0,208.0,7.569842338562012,0.99840087890625,102,0.0,0.0,0.0,0.0,0.0,0.0,0.0,0.0,0.00048828125,0.0
166.77053955078125,51.69668006967626,818.9930192079482,4065,0.0499951171875,0.429443359375,0.8061523437500001,1.07080078125,0.00830078125,0.06982421875,1.279541015625,0.4111328125,0.135498046875,36.906494140625,0.143310546875,0.346435546875,3.687255859375,0.0,2.112060546875,0.0,0.2294921875,0.0322265625,44.165283203125,0.647216796875,1.251220703125,0.23583984375,2.350341796875,0.0703125,3.61181640625,102.62954711914062,49.66571044921875,0.0,208.0,208.0,7.576835632324219,0.9980859375,103,0.0,0.0,0.0,0.0,0.0,0.0,0.0,0.0,0.0,0.0
169.2820703125,51.54776599914752,795.0000333007812,4088,0.04810546875,0.469970703125,0.927490234375,0.62255859375,0.00830078125,0.07568359375,0.9221191406250001,0.4267578125,0.1748046875,38.60498046875,0.16943359375,0.39306640625000006,3.6787109375,0.0,0.4912109375,0.1142578125,0.2578125,0.03271484375,43.709716796875,0.591796875,1.120361328125,0.272705078125,2.54150390625,0.170654296875,4.19921875,101.3461685180664,50.028995513916016,0.0,208.0,208.0,7.574192523956299,0.99786865234375,104,0.024169921875,0.0,0.0,0.0,0.0,0.0,0.0,0.0,0.0,0.0
169.85408935546874,51.81015347922494,834.3516037283838,4271,0.05293212890625,0.501708984375,1.01904296875,0.557861328125,0.008544921875,0.1298828125,0.8183593750000001,0.42822265625,0.278076171875,38.974609375,0.188720703125,0.4267578125,3.70947265625,0.0,0.65234375,0.189453125,0.2744140625,0.03271484375,41.396240234375,0.41455078125,0.999267578125,0.30322265625,2.615478515625,0.314208984375,5.27880859375,100.66810607910156,49.9917106628418,0.0,208.0,208.0,7.574552536010742,0.9977392578125,105,0.24951171875000003,0.19287109375,0.045654296875,0.0,0.0,0.0,0.0,0.0,0.0,0.0
169.1270263671875,53.78939128934814,901.1372802042902,4425,0.05543701171875,0.500244140625,1.00439453125,1.014404296875,0.008544921875,0.12939453125,0.7802734375,0.4140625,0.42480468749999994,38.38916015625,0.190185546875,0.43750000000000006,3.892578125,0.0,0.8466796875,0.3203125,0.272705078125,0.030517578125,38.907958984375,0.30908203125,1.0224609375,0.307373046875,2.514892578125,0.50390625,7.03564453125,100.62244415283203,49.65669250488281,0.0,208.0,208.0,7.575143814086914,0.99794677734375,106,0.370849609375,0.19384765625,0.04443359375,0.03662109375,0.09716796875,0.0,0.0,0.0,0.0,0.0
162.99126220703124,58.925080704682266,1064.5290225215915,4621,0.0613623046875,0.50537109375,0.981201171875,1.47021484375,0.008544921875,0.132080078125,0.72412109375,0.3984375,0.48022460937500006,32.1884765625,0.191162109375,0.436767578125,5.74072265625,0.0,1.361083984375,0.41308593750000006,0.269287109375,0.027343750000000003,38.919189453125,0.3115234375,1.23828125,0.309326171875,2.47216796875,1.19970703125,9.0078125,99.93769836425781,48.97877502441406,0.0,208.0,208.0,7.564482688903809,0.99824951171875,107,0.3857421875,0.20239257812499997,0.04736328125,0.03857421875,0.39208984374999994,0.0,0.0,0.0,0.0,0.147705078125
149.68599853515624,67.02566872345376,1312.7611325344092,4748,0.07363525390625,0.550048828125,1.016357421875,1.7995605468749998,0.00830078125,0.139892578125,0.722412109375,0.39990234375,0.554443359375,22.591064453125,0.201416015625,0.46020507812500006,10.501953125,0.0,2.9287109375,0.45581054687500006,0.27099609375,0.024169921875,38.190185546875,0.369140625,1.6469726562499998,0.330078125,2.558349609375,2.238037109375,10.729736328125,100.029296875,48.69015121459961,0.0,208.0,208.0,7.561305999755859,0.9985498046875,108,0.43359375000000006,0.227294921875,0.05224609375,0.0439453125,0.40087890625000006,0.0,0.0,0.0,0.0,0.154296875
153.9365283203125,66.57768620527031,1285.0111791176264,4788,0.0696533203125,0.690185546875,1.1708984375,1.99169921875,0.008544921875,0.161376953125,0.699951171875,0.430419921875,0.710205078125,25.763916015625,0.2275390625,0.514892578125,8.9921875,0.2294921875,0.757080078125,0.5673828125,0.29150390625,0.022216796875,36.467041015625,0.417724609375,2.2333984375,0.376708984375,2.818359375,1.9140625000000002,11.556640625,102.83139038085938,48.49648666381836,0.0,208.0,208.0,7.5597028732299805,0.998427734375,109,0.531005859375,0.28466796875,0.0634765625,0.054931640625,0.0,0.0,0.0,0.0,0.0,0.052490234375
161.40282470703124,62.45690158810213,1239.1329895739495,4811,0.0710107421875,1.012939453125,1.447265625,1.8068847656250002,0.009033203125,0.197509765625,0.716796875,0.50732421875,0.9755859375,29.874511718750004,0.27392578125,0.6201171875,6.02099609375,0.353271484375,0.7744140625,0.498291015625,0.339111328125,0.019287109375,34.02587890625,0.358154296875,2.67236328125,0.44384765625,3.217529296875,1.77880859375,10.81103515625,104.38273620605469,48.023677825927734,0.0,208.0,208.0,7.545599937438965,0.9989111328125,110,0.69775390625,0.38720703125,0.083984375,0.076171875,0.0,0.0,0.0,0.0,0.0,0.0
166.621044921875,58.68070066345025,1256.7197356027364,4845,0.07343017578125,1.62353515625,1.6943359375000002,1.240966796875,0.01025390625,0.24853515625,0.7973632812499999,0.63134765625,1.333251953125,32.316162109375,0.143310546875,0.770263671875,4.893798828125,0.8173828124999999,1.1875,0.40649414062499994,0.4150390625,0.01953125,31.725830078125,0.29443359375,2.1103515625,0.503173828125,3.6921386718749996,2.27783203125,9.1611328125,104.2700424194336,47.63506317138672,0.0,208.0,208.0,7.5346784591674805,0.99892333984375,111,0.93115234375,0.5361328125,0.11083984375,0.10791015625,0.0,0.0,0.0,0.0,0.0,0.0
166.29466796875,60.30073806042462,1255.0496947726665,4798,0.07627197265625,2.028564453125,1.82080078125,0.715087890625,0.01123046875,0.308837890625,0.934814453125,0.7834472656250001,1.7114257812499998,33.179931640625,0.00830078125,0.655517578125,5.33447265625,1.02294921875,1.77880859375,0.499267578125,0.511962890625,0.0185546875,29.7353515625,0.24267578125,1.41064453125,0.56591796875,4.031494140625,2.79248046875,7.75146484375,103.44267272949219,47.459999084472656,0.0,208.0,208.0,7.52996826171875,0.99857421875,112,1.183837890625,0.681640625,0.1416015625,0.138916015625,0.0,0.0,0.0,0.0,0.0,0.0
169.15658203125,58.45094467362666,1227.822162781501,4754,0.0796044921875,0.59326171875,2.105712890625,0.273193359375,0.01171875,0.39648437499999994,1.0361328125,0.994140625,1.7907714843749998,35.19580078125,0.0,0.457275390625,5.736328125,1.11279296875,2.715576171875,0.634521484375,0.642578125,0.024169921875,27.358398437499996,0.36865234375,0.621337890625,0.7265625,4.075439453125,3.3503417968749996,7.537109375000001,103.6142349243164,47.272727966308594,0.0,208.0,208.0,7.530162334442139,0.9991796875,113,1.57861328125,0.477783203125,0.185302734375,0.0,0.0,0.0,0.0,0.0,0.0,0.0
170.72621826171874,58.36383246953922,1207.263940122986,4712,0.0771142578125,0.0,1.985107421875,0.3046875,0.012939453125,0.528076171875,1.126708984375,1.274169921875,1.60107421875,37.998779296875,0.0,0.401123046875,6.021240234375,1.170166015625,1.994384765625,0.821533203125,0.77587890625,0.026123046875,26.809326171874996,0.5546875,0.341796875,1.004150390625,4.252197265625,3.84814453125,5.38134765625,101.0224380493164,47.15186309814453,0.0,208.0,208.0,7.523993968963623,0.9993798828125,114,1.44873046875,0.05810546875,0.259521484375,0.0,0.0,0.0,0.0,0.0,0.0,0.0
170.58080078125,59.37361359025574,1208.3200061650214,4658,0.0746240234375,0.0,1.194580078125,0.421142578125,0.013427734375000002,0.465087890625,1.192138671875,1.5107421875,1.41943359375,39.952880859375,0.0,0.432373046875,6.129638671875,1.361328125,1.63525390625,0.955810546875,0.8635253906249999,0.0302734375,26.893310546875,0.73583984375,0.337158203125,1.24755859375,4.796142578125,4.03076171875,2.58544921875,99.3991470336914,47.11600112915039,0.0,208.0,208.0,7.514259338378906,0.99921875,115,1.503173828125,0.0,0.29296875,0.0,0.0,0.0,0.0,0.0,0.0,0.0
